issue_url,issue_label,issue_number,issue_date,piece_title,piece_url,author,type
http://evergreenreview.com/fw19/,F/W,,Fall / Winter 2019,The Third World Is Here (Part 4),http://evergreenreview.com/read/the-third-world-is-here-4/,José García Escobar,
http://evergreenreview.com/fw19/,F/W,,Fall / Winter 2019,Two Endings and Four Other Things,http://evergreenreview.com/read/two-endings-and-four-other-things/,Laurie Stone,
http://evergreenreview.com/fw19/,F/W,,Fall / Winter 2019,"Indifferent Goddess: Blondie, Dirty Harry and New York Punk",http://evergreenreview.com/read/indifferent-goddess/,Lisa Dierbeck,
http://evergreenreview.com/fw19/,F/W,,Fall / Winter 2019,Kevin Killian: I Can Explain Everything,http://evergreenreview.com/read/kevin-killian-i-can-explain-everything-4/,Lonely Christopher,
http://evergreenreview.com/fw19/,F/W,,Fall / Winter 2019,5 Poems,http://evergreenreview.com/read/5-poems-george-kalogeris/,George Kalogeris,Poetry
http://evergreenreview.com/fw19/,F/W,,Fall / Winter 2019,Men,http://evergreenreview.com/read/men/,Camille Claudel,
http://evergreenreview.com/fw19/,F/W,,Fall / Winter 2019,Cubacon,http://evergreenreview.com/read/cubacon/,Suzanne Gardinier,
http://evergreenreview.com/fw19/,F/W,,Fall / Winter 2019,Kevin Killian: I Can Explain Everything,http://evergreenreview.com/read/kevin-killian-i-can-explain-everything-3/,Lonely Christopher,
http://evergreenreview.com/fw19/,F/W,,Fall / Winter 2019,The Call Out,http://evergreenreview.com/read/the-call-out/,Cat Fitzpatrick,
http://evergreenreview.com/fw19/,F/W,,Fall / Winter 2019,Extractor,http://evergreenreview.com/read/extractor/,William Jamieson,
http://evergreenreview.com/fw19/,F/W,,Fall / Winter 2019,Reclaimer,http://evergreenreview.com/read/reclaimer/,William Jamieson,
http://evergreenreview.com/fw19/,F/W,,Fall / Winter 2019,Minor Victories,http://evergreenreview.com/read/minor-victories/,Ibtisam Azem,
http://evergreenreview.com/fw19/,F/W,,Fall / Winter 2019,The Third World Is Here,http://evergreenreview.com/read/the-third-world-is-here-3/,José García Escobar,
http://evergreenreview.com/fw19/,F/W,,Fall / Winter 2019,Outside the Box,http://evergreenreview.com/read/outside-the-box/,Belén Fernández,
http://evergreenreview.com/fw19/,F/W,,Fall / Winter 2019,3 Poems,http://evergreenreview.com/read/3-poems-alfian-saat/,Alfian Sa'at,Poetry
http://evergreenreview.com/fw19/,F/W,,Fall / Winter 2019,Kevin Killian: I Can Explain Everything,http://evergreenreview.com/read/kevin-killian-i-can-explain-everything-2/,Lonely Christopher,
http://evergreenreview.com/fw19/,F/W,,Fall / Winter 2019,jane says,http://evergreenreview.com/read/interview-ann-shelton-jane-says/,"Ann Shelton, Joy Garnett",Interview
http://evergreenreview.com/fw19/,F/W,,Fall / Winter 2019,The Great Ultimate,http://evergreenreview.com/read/the-great-ultimate/,Alle C. Hall,
http://evergreenreview.com/fw19/,F/W,,Fall / Winter 2019,Brontez Purnell: Two Videos,http://evergreenreview.com/watch/brontez-purnell/,Brontez Purnell,Video
http://evergreenreview.com/fw19/,F/W,,Fall / Winter 2019,Brontez Purnell in Conversation With Miguel Gutierrez,http://evergreenreview.com/read/brontez-purnell-in-conversation-with-miguel-gutierrez/,"Brontez Purnell, Miguel Gutierrez",Interview
http://evergreenreview.com/fw19/,F/W,,Fall / Winter 2019,The Third World Is Here,http://evergreenreview.com/read/the-third-world-is-here-2/,José García Escobar,
http://evergreenreview.com/fw19/,F/W,,Fall / Winter 2019,Abolish ICE,http://evergreenreview.com/read/abolish-ice/,Natascha Elena Uhlmann,
http://evergreenreview.com/fw19/,F/W,,Fall / Winter 2019,Kevin Killian: I Can Explain Everything,http://evergreenreview.com/read/kevin-killian-i-can-explain-everything/,Lonely Christopher,
http://evergreenreview.com/fw19/,F/W,,Fall / Winter 2019,Rent Check,http://evergreenreview.com/read/rent-check/,Mark Jacobs,
http://evergreenreview.com/fw19/,F/W,,Fall / Winter 2019,4 Poems,http://evergreenreview.com/read/4-poems-tara-bergin/,Tara Bergin,Poetry
http://evergreenreview.com/fw19/,F/W,,Fall / Winter 2019,6 Poems,http://evergreenreview.com/read/6-poems-larry-weisman/,Larry Weisman,Poetry
http://evergreenreview.com/fw19/,F/W,,Fall / Winter 2019,Xiao Ma’s New Outfit,http://evergreenreview.com/read/xiao-mas-new-outfit/,"R. Orion Martin, Zhai Yanjun",
http://evergreenreview.com/fw19/,F/W,,Fall / Winter 2019,The Third World Is Here,http://evergreenreview.com/read/the-third-world-is-here-1/,José García Escobar,
http://evergreenreview.com/fw20/,F/W,,Fall / Winter 2020,The Evergreen Review Podcast #004 - Yasmin Nair,https://evergreenreview.com/podcast/004-yasmin-nair,"Yasmin Nair, Dale Peck",Podcast
http://evergreenreview.com/fw20/,F/W,,Fall / Winter 2020,Women Indoors,http://evergreenreview.com/read/women-indoors/,Sarah Fonseca,
http://evergreenreview.com/fw20/,F/W,,Fall / Winter 2020,"Found Poem Composed in Dearborn, Michigan",http://evergreenreview.com/read/found-poem-composed-in-dearborn-michigan/,"Mariam Bazeed, Jee Leong Koh",Poem
http://evergreenreview.com/fw20/,F/W,,Fall / Winter 2020,Korkak,http://evergreenreview.com/read/korkak/,Mark Jacobs,
http://evergreenreview.com/fw20/,F/W,,Fall / Winter 2020,“Plantation Cinema” and Other Poems,http://evergreenreview.com/read/plantation-cinema-and-other-poems/,Tony D'Arpino,Poetry
http://evergreenreview.com/fw20/,F/W,,Fall / Winter 2020,“Canzone: Morning Light” and Other Poems,http://evergreenreview.com/read/canzone-morning-light-and-other-poems/,Katherine Barrett Swett,Poetry
http://evergreenreview.com/fw20/,F/W,,Fall / Winter 2020,Covid in Iran and the Ills of Theocracy,http://evergreenreview.com/read/covid-in-iran-and-the-ills-of-theocracy/,Mohammad Hakima,
http://evergreenreview.com/fw20/,F/W,,Fall / Winter 2020,The Whore Stuff,http://evergreenreview.com/read/the-whore-stuff/,Quinn Roberts,
http://evergreenreview.com/fw20/,F/W,,Fall / Winter 2020,Up from the Slime,http://evergreenreview.com/read/up-from-the-slime/,Caoimhe Harlock,
http://evergreenreview.com/fw20/,F/W,,Fall / Winter 2020,Coronastalgia,http://evergreenreview.com/read/coronastalgia/,Belén Fernández,
http://evergreenreview.com/fw20/,F/W,,Fall / Winter 2020,Shaving,http://evergreenreview.com/read/shaving/,Edmund White,
http://evergreenreview.com/fw20/,F/W,,Fall / Winter 2020,Donald Trump’s Operation Mindfuck,http://evergreenreview.com/read/donald-trumps-operation-mindfuck/,Robert Guffey,
http://evergreenreview.com/fw20/,F/W,,Fall / Winter 2020,“The Rented Louis Vuitton” and Other Poems,http://evergreenreview.com/read/the-rented-louis-vuitton-and-other-poems/,Ankita Anand,Poetry
http://evergreenreview.com/fw20/,F/W,,Fall / Winter 2020,COVID-69: Personal Protective Erotica That Plague Was Exceedingly Great,http://evergreenreview.com/read/that-plague-was-exceedingly-great/,Charles March III,
http://evergreenreview.com/fw20/,F/W,,Fall / Winter 2020,Mad Meg: Live at Panevezys Correction House for Women in Lithuania,http://evergreenreview.com/read/mad-meg-live-at-panevezys-correction-house-for-women/,Miracle Jones,
http://evergreenreview.com/fw20/,F/W,,Fall / Winter 2020,The Village Idiot,http://evergreenreview.com/read/the-village-idiot/,Steve Stern,
http://evergreenreview.com/fw20/,F/W,,Fall / Winter 2020,"“(say his name, say his name)” and Other Poems",http://evergreenreview.com/read/say-his-name-say-his-name-and-other-poems/,Kathleen Hellen,Poetry
http://evergreenreview.com/fw20/,F/W,,Fall / Winter 2020,"Jackie Wang - ""The Future of Abolition""",https://evergreenreview.com/podcast/jackie-wang-the-future-of-abolition,"Jackie Wang, Jee Leong Koh, Kirsten Han",Podcast
http://evergreenreview.com/fw20/,F/W,,Fall / Winter 2020,Leaving New York,http://evergreenreview.com/read/leaving-new-york/,Joy Garnett,
http://evergreenreview.com/fw20/,F/W,,Fall / Winter 2020,The Evergreen Review Podcast #003 - Jeffery Renard Allen,https://evergreenreview.com/podcast/003-jeffery-renard-allen,"Jeffery Renard Allen, Dale Peck",Podcast
http://evergreenreview.com/fw20/,F/W,,Fall / Winter 2020,“Returning from a Walk” and Other Poems,http://evergreenreview.com/read/returning-from-a-walk-and-other-poems/,Charlotte Baker,Poetry
http://evergreenreview.com/fw20/,F/W,,Fall / Winter 2020,Jackal Pattern,http://evergreenreview.com/read/jackal-pattern/,Jason Schwartz,
http://evergreenreview.com/fw20/,F/W,,Fall / Winter 2020,The Evergreen Review Podcast #002 - Calvin Baker,https://evergreenreview.com/podcast/002-calvin-baker,"Calvin Baker, Dale Peck",Podcast
http://evergreenreview.com/fw20/,F/W,,Fall / Winter 2020,What We Don’t Talk About When We Talk About #MeToo,http://evergreenreview.com/read/what-we-dont-talk-about-when-we-talk-about-metoo/,JoAnn Wypijewski,
http://evergreenreview.com/fw20/,F/W,,Fall / Winter 2020,The Evergreen Review Podcast #001 - John Oakes,https://evergreenreview.com/podcast/001-john-oakes,"John Oakes, Dale Peck",Podcast
http://evergreenreview.com/fw20/,F/W,,Fall / Winter 2020,"Against Innocence: Race, Gender, and the Politics of Safety",http://evergreenreview.com/read/against-innocence-race-gender-and-the-politics-of-safety/,Jackie Wang,
http://evergreenreview.com/fw20/,F/W,,Fall / Winter 2020,Expel,http://evergreenreview.com/read/expel/,Tania De Rozario,
http://evergreenreview.com/fw20/,F/W,,Fall / Winter 2020,Deaf Mute,http://evergreenreview.com/read/deaf-mute/,Ricco Villanueva Siasoco,
http://evergreenreview.com/fw20/,F/W,,Fall / Winter 2020,“Engineer” and Other Poems,http://evergreenreview.com/read/engineer-and-other-poems/,Paula Mendoza,Poetry
http://evergreenreview.com/fw21/,F/W,,Fall / Winter 2021,Other Fires,http://evergreenreview.com/read/other-fires/,Chiseche Salome Mibenge,
http://evergreenreview.com/fw21/,F/W,,Fall / Winter 2021,I Kick the Baby and Keep the Girl,http://evergreenreview.com/read/i-kick-the-baby-and-keep-the-girl/,Megan Milks,
http://evergreenreview.com/fw21/,F/W,,Fall / Winter 2021,The Sex Education of Robin Kahn,http://evergreenreview.com/read/the-sex-education-of-robin-kahn/,"Joy Garnett, Robin Kahn",
http://evergreenreview.com/fw21/,F/W,,Fall / Winter 2021,Catherine in the City to Crabstick in the Country,http://evergreenreview.com/read/catherine-in-the-city-to-crabstick-in-the-country/,Cat Fitzpatrick,
http://evergreenreview.com/fw21/,F/W,,Fall / Winter 2021,Two Poems,http://evergreenreview.com/read/two-poems-by-aaron-landsman/,Aaron Landsman,Poetry
http://evergreenreview.com/fw21/,F/W,,Fall / Winter 2021,The Sun Not Yet Swallowed,http://evergreenreview.com/read/the-sun-not-yet-swallowed/,Douglas Anthony Cooper,
http://evergreenreview.com/fw21/,F/W,,Fall / Winter 2021,Lucky,http://evergreenreview.com/read/lucky/,Doreen Baingana,
http://evergreenreview.com/fw21/,F/W,,Fall / Winter 2021,“Errata” and Other Poems,http://evergreenreview.com/read/errata-and-other-poems/,Daniele Pantano,Poetry
http://evergreenreview.com/fw21/,F/W,,Fall / Winter 2021,Mala 84,http://evergreenreview.com/read/mala-84/,Suzanne Gardinier,
http://evergreenreview.com/fw21/,F/W,,Fall / Winter 2021,Run! Gun! Zigzag!,http://evergreenreview.com/read/run-gun-zigzag/,Young-Hae Chang Heavy Industries,
http://evergreenreview.com/fw21/,F/W,,Fall / Winter 2021,The Art of Diplomacy and the Anticipation of Memory: Imagination at Work and Play,http://evergreenreview.com/read/the-art-of-diplomacy/,Mark Jacobs,
http://evergreenreview.com/fw21/,F/W,,Fall / Winter 2021,The Wrong Stuff,http://evergreenreview.com/read/the-wrong-stuff/,John Strausbaugh,
http://evergreenreview.com/fw21/,F/W,,Fall / Winter 2021,To the Electric City,http://evergreenreview.com/read/to-the-electric-city/,Sergio Chejfec,
http://evergreenreview.com/fw21/,F/W,,Fall / Winter 2021,The Evergreen Review Podcast #006 - Robert Guffey,https://evergreenreview.com/podcast/006-robert-guffey,"Robert Guffey, Miracle Jones",Podcast
http://evergreenreview.com/fw21/,F/W,,Fall / Winter 2021,Eating with God,http://evergreenreview.com/read/eating-with-god/,Stanley Gazemba,
http://evergreenreview.com/fw21/,F/W,,Fall / Winter 2021,Prussian Blue,http://evergreenreview.com/read/prussian-blue/,Robert(a) Marshall,
http://evergreenreview.com/fw21/,F/W,,Fall / Winter 2021,The World’s Manga Love Affair Is Just Beginning,http://evergreenreview.com/read/the-worlds-manga-love-affair-is-just-beginning/,Eric Margolis,
http://evergreenreview.com/fw21/,F/W,,Fall / Winter 2021,Werewolves of Lockdown,http://evergreenreview.com/read/werewolves-of-lockdown/,Patrick Hipp,
http://evergreenreview.com/fw21/,F/W,,Fall / Winter 2021,A Generation,http://evergreenreview.com/read/a-generation/,Adam Klein,
http://evergreenreview.com/fw21/,F/W,,Fall / Winter 2021,a brief layover (cary grant with his pants down),http://evergreenreview.com/read/a-brief-layover/,Chris Campanioni,
http://evergreenreview.com/fw21/,F/W,,Fall / Winter 2021,Fulfilling Consumption with Comfort Cat,http://evergreenreview.com/read/fulfilling-consumption-with-comfort-cat/,Miracle Jones,
http://evergreenreview.com/fw22/,F/W,,Fall / Winter 2022,The Muse: Dictee at 40,https://evergreenreview.com/the-muse-dictee-at-40/,Porochista Khakpour and Jee Leong Koh (editors),Portfolio
http://evergreenreview.com/fw22/,F/W,,Fall / Winter 2022,Astyanax and Other Poems,http://evergreenreview.com/read/astyanax-and-other-poems/,George Kalogeris,Poetry
http://evergreenreview.com/fw22/,F/W,,Fall / Winter 2022,"Hello, My Relative",http://evergreenreview.com/read/hello-my-relative/,Braudie Blais-Billie,
http://evergreenreview.com/fw22/,F/W,,Fall / Winter 2022,Gaze,http://evergreenreview.com/read/gaze/,Jackie Ogega,
http://evergreenreview.com/fw22/,F/W,,Fall / Winter 2022,Precise Tomato Orientation and Other Poems,http://evergreenreview.com/read/precise-tomato-orientation-and-other-poems/,Holly Burdorff,Poetry
http://evergreenreview.com/fw22/,F/W,,Fall / Winter 2022,Diseuse in a Dead Time: Letters to Theresa Hak Kyung Cha,http://evergreenreview.com/read/diseuse-in-a-dead-time/,Jennifer Kwon Dobbs,
http://evergreenreview.com/fw22/,F/W,,Fall / Winter 2022,MERIDIAN,http://evergreenreview.com/read/meridian/,Dong Li,
http://evergreenreview.com/fw22/,F/W,,Fall / Winter 2022,To My Mother / To My Dear Daughter,http://evergreenreview.com/read/to-my-mother-to-my-dear-daughter/,Elisa McAtee,
http://evergreenreview.com/fw22/,F/W,,Fall / Winter 2022,DICTEE / DIPTYCH,http://evergreenreview.com/read/dictee-diptych/,Alexa Climaldi,
http://evergreenreview.com/fw22/,F/W,,Fall / Winter 2022,JETÉE,http://evergreenreview.com/read/jetee/,Michelle Chen,
http://evergreenreview.com/fw22/,F/W,,Fall / Winter 2022,Legs Escape,http://evergreenreview.com/watch/legs-escape/,Nina Kuo,Video/Visual
http://evergreenreview.com/fw22/,F/W,,Fall / Winter 2022,DICTEE’s Auto/Biographies: On Liveness & Family Photographs,http://evergreenreview.com/read/dictees-auto-biographies/,Maddie Kim,
http://evergreenreview.com/fw22/,F/W,,Fall / Winter 2022,Missing a Mother Tongue,http://evergreenreview.com/read/missing-a-mother-tongue/,Indira A. Abiskaroon,
http://evergreenreview.com/fw22/,F/W,,Fall / Winter 2022,It is 1982,http://evergreenreview.com/read/it-is-1982/,KimSu Theiler,
http://evergreenreview.com/fw22/,F/W,,Fall / Winter 2022,The Muse,http://evergreenreview.com/read/the-muse-introduction/,Porochista Khakpour,
http://evergreenreview.com/fw22/,F/W,,Fall / Winter 2022,Murmur,http://evergreenreview.com/read/murmur/,Richard Barnes,
http://evergreenreview.com/fw22/,F/W,,Fall / Winter 2022,ink blood stars poems,http://evergreenreview.com/read/ink-blood-stars-poems/,Spencer Lee-Lenfield,Poetry
http://evergreenreview.com/fw22/,F/W,,Fall / Winter 2022,"April, Again: On the Poetics and Politics of MELPOMENE TRAGEDY",http://evergreenreview.com/read/april-again/,Julie Moon,
http://evergreenreview.com/fw22/,F/W,,Fall / Winter 2022,The Shepherds’ Crusade,http://evergreenreview.com/read/the-shepherds-crusade/,Coyote Shook,
http://evergreenreview.com/fw22/,F/W,,Fall / Winter 2022,Ukrainian Theorem,http://evergreenreview.com/read/ukrainian-theorem/,Mykhailo Ziatin,
http://evergreenreview.com/fw22/,F/W,,Fall / Winter 2022,The Radiologist and the Spider/man and Other Poems,http://evergreenreview.com/read/the-radiologist-and-the-spider-man-and-other-poems/,Ecem Yucel,Poetry
http://evergreenreview.com/fw22/,F/W,,Fall / Winter 2022,False Dawn,http://evergreenreview.com/read/false-dawn/,Yma Johnson,
http://evergreenreview.com/fw22/,F/W,,Fall / Winter 2022,HE,http://evergreenreview.com/read/he/,"Ryan Choi, Ryūnosuke Akutagawa",
http://evergreenreview.com/fw22/,F/W,,Fall / Winter 2022,"Chantel’s got no eyes, nose and mouth half as full as mine, head and neck and Other Poems",http://evergreenreview.com/read/chantels-got-no-eyes-and-other-poems/,Amber Atiya,Poetry
http://evergreenreview.com/fw22/,F/W,,Fall / Winter 2022,The Marginalization of Oscar Zeta Acosta,http://evergreenreview.com/read/the-marginalization-of-oscar-zeta-acosta/,David Wills,
http://evergreenreview.com/fw22/,F/W,,Fall / Winter 2022,Other People’s Points of View,http://evergreenreview.com/read/other-peoples-points-of-view/,Luke Dani Blue,
http://evergreenreview.com/fw22/,F/W,,Fall / Winter 2022,"Liberty, Equality, Maternity",http://evergreenreview.com/read/liberty-equality-maternity/,Skye C. Cleary,
http://evergreenreview.com/fw22/,F/W,,Fall / Winter 2022,A Body in the Woods,http://evergreenreview.com/read/a-body-in-the-woods/,Kevin C. Pyle,
http://evergreenreview.com/fw22/,F/W,,Fall / Winter 2022,The Vault,http://evergreenreview.com/read/the-vault/,"Barbara Molinard, Marguerite Duras",
http://evergreenreview.com/fw22/,F/W,,Fall / Winter 2022,Panics – Translator’s Note,http://evergreenreview.com/read/panics-translators-note/,Emma Ramadan,Translator's Note
http://evergreenreview.com/fw22/,F/W,,Fall / Winter 2022,Swiss-Kriss Ghana and Other Poems,http://evergreenreview.com/read/swiss-kriss-ghana-and-other-poems/,David Mills,Poetry
http://evergreenreview.com/fw22/,F/W,,Fall / Winter 2022,"begonia, ailing",http://evergreenreview.com/read/begonia-ailing/,"Jacob Nader, Mariam Bazeed",
http://evergreenreview.com/fw22/,F/W,,Fall / Winter 2022,A Bounded Life,http://evergreenreview.com/read/a-bounded-life/,Kiprop Kimutai,
http://evergreenreview.com/fw22/,F/W,,Fall / Winter 2022,Wolf in Dark Elms and Other Poems,http://evergreenreview.com/read/wolf-in-dark-elms-and-other-poems/,Cassandra Whitaker,Poetry
http://evergreenreview.com/fw22/,F/W,,Fall / Winter 2022,The P-word does not stand for Pandemic,http://evergreenreview.com/read/the-p-word-does-not-stand-for-pandemic/,Amani Rohana,
http://evergreenreview.com/fw23/,Fall / Winter 2023 -,,Fall / Winter 2023 - 2024,A Mother Makes a Death,http://evergreenreview.com/read/a-mother-makes-a-death/,Elizabeth Brus,short story
http://evergreenreview.com/fw23/,Fall / Winter 2023 -,,Fall / Winter 2023 - 2024,Main Course and Other Poems,http://evergreenreview.com/read/main-course-and-other-poems/,Anastacia-Renee,poetry
http://evergreenreview.com/fw23/,Fall / Winter 2023 -,,Fall / Winter 2023 - 2024,Hummels,http://evergreenreview.com/read/hummels/,John Darcy,
http://evergreenreview.com/fw23/,Fall / Winter 2023 -,,Fall / Winter 2023 - 2024,Blob in Old Sink and Other Poems,http://evergreenreview.com/read/blob-in-old-sink-and-other-poems/,Jeffrey Gray,poetry
http://evergreenreview.com/fw23/,Fall / Winter 2023 -,,Fall / Winter 2023 - 2024,The Glamour,http://evergreenreview.com/read/the-glamour/,Mark Jacobs,
http://evergreenreview.com/fw23/,Fall / Winter 2023 -,,Fall / Winter 2023 - 2024,West Twenty Third Street,http://evergreenreview.com/read/west-twenty-third-street/,Wayne Moreland,
http://evergreenreview.com/fw23/,Fall / Winter 2023 -,,Fall / Winter 2023 - 2024,Nomads,http://evergreenreview.com/read/nomads/,Ru Marshall,
http://evergreenreview.com/fw23/,Fall / Winter 2023 -,,Fall / Winter 2023 - 2024,"One for you, one for me.",http://evergreenreview.com/read/one-for-you-one-for-me/,Younis B. Azeem,
http://evergreenreview.com/fw23/,Fall / Winter 2023 -,,Fall / Winter 2023 - 2024,Ecce Homo,http://evergreenreview.com/read/ecce-homo/,Andia Kisia,
http://evergreenreview.com/fw23/,Fall / Winter 2023 -,,Fall / Winter 2023 - 2024,"Feelmore, Oakland and Other Poems",http://evergreenreview.com/read/feelmore-oakland-and-other-poems/,Carson Wolfe,poetry
http://evergreenreview.com/fw23/,Fall / Winter 2023 -,,Fall / Winter 2023 - 2024,Izumi Ueda Yuu: Ocean is There,http://evergreenreview.com/read/izumi-ueda-yuu-ocean-is-there/,Izumi Ueda Yuu,
http://evergreenreview.com/fw23/,Fall / Winter 2023 -,,Fall / Winter 2023 - 2024,The Silent Civil War: The Radicalization of the Evangelical Right,http://evergreenreview.com/read/the-silent-civil-war-the-radicalization-of-the-evangelical-right/,Robert Guffey,
http://evergreenreview.com/fw23/,Fall / Winter 2023 -,,Fall / Winter 2023 - 2024,Classic Florida Literature: On the Novelization of Porky’s II: The Next Day,http://evergreenreview.com/read/classic-florida-literature-on-the-novelization-of-porkys-ii/,Sean Gill,
http://evergreenreview.com/fw23/,Fall / Winter 2023 -,,Fall / Winter 2023 - 2024,Poppy Seeds for Gaza – A South African Witness,http://evergreenreview.com/read/poppy-seeds-for-gaza-a-south-african-witness/,Sandile Ngidi,
http://evergreenreview.com/fw23/,Fall / Winter 2023 -,,Fall / Winter 2023 - 2024,MATERIAL WORLDS: Nazanin Noroozi,http://evergreenreview.com/read/material-worlds-nazanin-noroozi/,"Case Jernigan, Nazanin Noroozi",
http://evergreenreview.com/fw23/,Fall / Winter 2023 -,,Fall / Winter 2023 - 2024,Useless Faggot,http://evergreenreview.com/read/useless-faggot/,Stephen Beachy,
http://evergreenreview.com/fw23/,Fall / Winter 2023 -,,Fall / Winter 2023 - 2024,Cacti: A Visual Protest Against the Silencing of Palestinian Voices in Germany,http://evergreenreview.com/read/cacti-a-visual-protest-against-the-silencing-of-palestinian-voices-in-germany/,Rasha Al Jundi,
http://evergreenreview.com/fw23/,Fall / Winter 2023 -,,Fall / Winter 2023 - 2024,why write poems about freedom in a twitter-banned country? and Other Poems,http://evergreenreview.com/read/why-write-poems-in-a-twitter-banned-country/,Hauwa Shaffii Nuhu,poetry
http://evergreenreview.com/fw23/,Fall / Winter 2023 -,,Fall / Winter 2023 - 2024,The Detective,http://evergreenreview.com/read/the-detective/,Walker Rutter-Bowman,
http://evergreenreview.com/fw23/,Fall / Winter 2023 -,,Fall / Winter 2023 - 2024,Catfish Confidential,http://evergreenreview.com/read/catfish-confidential/,Richard Goldstein,
http://evergreenreview.com/fw23/,Fall / Winter 2023 -,,Fall / Winter 2023 - 2024,Genesis @ Midnight Hour and Other Poems,http://evergreenreview.com/read/genesis-at-midnight-hour-and-other-poems/,Ashunda Norris,poetry
http://evergreenreview.com/fw23/,Fall / Winter 2023 -,,Fall / Winter 2023 - 2024,Note From Hell,http://evergreenreview.com/read/note-from-hell/,Suzanne Gardinier,
http://evergreenreview.com/fw23/,Fall / Winter 2023 -,,Fall / Winter 2023 - 2024,Israeli Military: A 100% Failure Rate Eradicating Palestinian Militant Resistance,http://evergreenreview.com/read/israeli-military-100-percent-failure-eradicating-palestinian-militant-resistance/,Zachary Foster,
http://evergreenreview.com/fw23/,Fall / Winter 2023 -,,Fall / Winter 2023 - 2024,"Minor Detail, an excerpt",http://evergreenreview.com/read/minor-detail/,"Adania Shibli, Elisabeth Jaquette",excerpt
http://evergreenreview.com/fw23/,Fall / Winter 2023 -,,Fall / Winter 2023 - 2024,Knife Block,http://evergreenreview.com/read/knife-block/,Terese Svoboda,
http://evergreenreview.com/fw23/,Fall / Winter 2023 -,,Fall / Winter 2023 - 2024,Attempt with a Gap in It,http://evergreenreview.com/read/attempt-with-a-gap-in-it/,Anna Lena Phillips Bell,
http://evergreenreview.com/fw23/,Fall / Winter 2023 -,,Fall / Winter 2023 - 2024,Ravage & Son (Prelude),http://evergreenreview.com/read/ravage-prelude/,Jerome Charyn,prelude
http://evergreenreview.com/fw23/,Fall / Winter 2023 -,,Fall / Winter 2023 - 2024,Deluge Over Winesburg and Other Poems,http://evergreenreview.com/read/deluge-over-winesburg-and-other-poems/,Lily Wood,poetry
http://evergreenreview.com/fw23/,Fall / Winter 2023 -,,Fall / Winter 2023 - 2024,Dori (Who Walked Barefoot Over the Mountain),http://evergreenreview.com/read/dori-who-walked-barefoot-over-the-mountain/,Derrick Martin-Campbell,
http://evergreenreview.com/fw23/,Fall / Winter 2023 -,,Fall / Winter 2023 - 2024,Autocrats Club and Other Poems,http://evergreenreview.com/read/autocrats-club-and-other-poems/,Mbizo Chirasha,poetry
http://evergreenreview.com/fw23/,Fall / Winter 2023 -,,Fall / Winter 2023 - 2024,Uringa,http://evergreenreview.com/read/uringa/,Carmen Boullosa,
http://evergreenreview.com/fw23/,Fall / Winter 2023 -,,Fall / Winter 2023 - 2024,A Visit to the British Museum and Other Poems,http://evergreenreview.com/read/a-visit-to-the-british-museum-and-other-poems/,Ojo Taiye,poetry
http://evergreenreview.com/fw23/,Fall / Winter 2023 -,,Fall / Winter 2023 - 2024,Rekt Loop,http://evergreenreview.com/read/rekt-loop/,Orion Martin,
http://evergreenreview.com/fw23/,Fall / Winter 2023 -,,Fall / Winter 2023 - 2024,White People Trying / The Kiss,http://evergreenreview.com/read/white-people-trying/,David Daniel,
http://evergreenreview.com/fw23/,Fall / Winter 2023 -,,Fall / Winter 2023 - 2024,Night in Xishuangbanna,http://evergreenreview.com/read/night-in-xishuangbanna/,Can Xue,
http://evergreenreview.com/fw23/,Fall / Winter 2023 -,,Fall / Winter 2023 - 2024,A Conversation with Terence Sellers: Icon of Downtown New York ’70s Bohemia,http://evergreenreview.com/read/a-conversation-with-terence-sellers/,"Sanya Osha, Terence Sellers",conversation
http://evergreenreview.com/fw23/,Fall / Winter 2023 -,,Fall / Winter 2023 - 2024,The God Committee,http://evergreenreview.com/read/the-god-committee/,Mina Manchester,
http://evergreenreview.com/fw23/,Fall / Winter 2023 -,,Fall / Winter 2023 - 2024,Sorokin and the Rest of Us,http://evergreenreview.com/read/sorokin-and-the-rest-of-us/,Svetlana Satchkova,
http://evergreenreview.com/fw23/,Fall / Winter 2023 -,,Fall / Winter 2023 - 2024,Holly and Other Poems,http://evergreenreview.com/read/holly-and-other-poems/,Bibbe Hansen,poetry
http://evergreenreview.com/fw23/,Fall / Winter 2023 -,,Fall / Winter 2023 - 2024,Diving into the scars of disaster,http://evergreenreview.com/read/diving-into-the-scars-of-disaster/,Eric Margolis,
http://evergreenreview.com/fw23/,Fall / Winter 2023 -,,Fall / Winter 2023 - 2024,MATERIAL WORLDS: Erik Winkowski,http://evergreenreview.com/read/material-worlds-erik-winkowski/,"Case Jernigan, Erik Winkowski",
http://evergreenreview.com/fw24/,F/W,,Fall / Winter 2024,The Winter it Didn’t Snow,http://evergreenreview.com/read/the-winter-it-didnt-snow/,Daniel Goulden,
http://evergreenreview.com/fw24/,F/W,,Fall / Winter 2024,stome and Other Poems,http://evergreenreview.com/read/stome-and-other-poems/,Thabo Motsapi,Poems
http://evergreenreview.com/fw24/,F/W,,Fall / Winter 2024,A Walk in the Park,http://evergreenreview.com/read/a-walk-in-the-park/,Niq Mhlongo,
http://evergreenreview.com/fw24/,F/W,,Fall / Winter 2024,Postcard,http://evergreenreview.com/read/postcard/,Mazen Maarouf,
http://evergreenreview.com/fw24/,F/W,,Fall / Winter 2024,The Machine™,http://evergreenreview.com/read/the-machine/,Chavisa Woods,
http://evergreenreview.com/fw24/,F/W,,Fall / Winter 2024,Life’s a Ratchet,http://evergreenreview.com/read/lifes-a-ratchet/,Todd Anderson,
http://evergreenreview.com/fw24/,F/W,,Fall / Winter 2024,Clocking Candy’s Contradictions,http://evergreenreview.com/read/clocking-candys-contradictions/,Eve Morgan,
http://evergreenreview.com/fw24/,F/W,,Fall / Winter 2024,Tree and Other Poems,http://evergreenreview.com/read/tree-and-other-poems/,Brian Swann,Poems
http://evergreenreview.com/fw24/,F/W,,Fall / Winter 2024,"A Kurdish family in aspic: Ebru Ojen’s Lojman, the future",http://evergreenreview.com/read/a-kurdish-family-in-aspic-ebru-ojen-lojman/,Sébastien Bernard,
http://evergreenreview.com/fw24/,F/W,,Fall / Winter 2024,The Rest Cure for Common Whores and Other Poems,http://evergreenreview.com/read/the-rest-cure-for-common-whores/,Kale Hensley,Poems
http://evergreenreview.com/fw24/,F/W,,Fall / Winter 2024,Stronghold,http://evergreenreview.com/read/stronghold/,Belén Fernández,
http://evergreenreview.com/fw24/,F/W,,Fall / Winter 2024,Two Poems,http://evergreenreview.com/read/reading-in-bed/,Max Cavitch,Poems
http://evergreenreview.com/fw24/,F/W,,Fall / Winter 2024,The Minutes of the December Meeting,http://evergreenreview.com/read/the-minutes-of-the-december-meeting/,Eleanor Alper,
http://evergreenreview.com/fw24/,F/W,,Fall / Winter 2024,Digging Quartz and Other Poems,http://evergreenreview.com/read/digging-quartz-and-other-poems/,Hayley Phillips,Poems
http://evergreenreview.com/fw24/,F/W,,Fall / Winter 2024,The Book Lovers,http://evergreenreview.com/read/the-book-lovers/,Steve Aylett,
http://evergreenreview.com/fw24/,F/W,,Fall / Winter 2024,The Fruit Fly and Other Poems,http://evergreenreview.com/read/the-fruit-fly-and-other-poems/,Selen Ozturk,Poems
http://evergreenreview.com/fw24/,F/W,,Fall / Winter 2024,Crooked and Loose,http://evergreenreview.com/read/crooked-and-loose/,Keller Easterling,
http://evergreenreview.com/fw24/,F/W,,Fall / Winter 2024,CnN,http://evergreenreview.com/watch/cnn/,Bugsy Gabriel,
http://evergreenreview.com/fw24/,F/W,,Fall / Winter 2024,The Assistant,http://evergreenreview.com/read/the-assistant/,Alyssa Bianca-Pavley,
http://evergreenreview.com/fw24/,F/W,,Fall / Winter 2024,Blue Monkeys,http://evergreenreview.com/read/blue-monkeys/,David Kinloch,
http://evergreenreview.com/fw24/,F/W,,Fall / Winter 2024,On the foreignness of familiarity,http://evergreenreview.com/read/on-the-foreignness-of-familiarity/,Amina Alaoui Soulimani,
http://evergreenreview.com/fw24/,F/W,,Fall / Winter 2024,She Forgets and Other Poems,http://evergreenreview.com/read/she-forgets-and-other-poems/,Vonani Bila,Poems
http://evergreenreview.com/fw24/,F/W,,Fall / Winter 2024,Heaven Knows,http://evergreenreview.com/read/heaven-knows/,Ed Pavlić,
http://evergreenreview.com/fw24/,F/W,,Fall / Winter 2024,Martyred mother and Other Poems,http://evergreenreview.com/read/martyred-mother-and-other-poems/,Nelson Ratau,Poems
http://evergreenreview.com/fw24/,F/W,,Fall / Winter 2024,Sea Breeze,http://evergreenreview.com/read/sea-breeze/,Kevin C. Pyle,
http://evergreenreview.com/fw24/,F/W,,Fall / Winter 2024,Sonnet I Never Knew You At All and Other Poems,http://evergreenreview.com/read/sonnet-i-never-knew-you-at-all-and-other-poems/,Adam Spiegelman,Poems
http://evergreenreview.com/fw24/,F/W,,Fall / Winter 2024,Narrating Palestine,http://evergreenreview.com/read/narrating-palestine/,Refaat Alareer,
http://evergreenreview.com/fw24/,F/W,,Fall / Winter 2024,My Year of Magical Realism,http://evergreenreview.com/read/my-year-of-magical-realism/,Nur Turkmani,
http://evergreenreview.com/fw24/,F/W,,Fall / Winter 2024,"Homefront: Notes on Gaza, Language, Family, and the Art World",http://evergreenreview.com/read/homefront-notes-on-gaza-language-family-and-the-art-world/,Ru Marshall,
http://evergreenreview.com/fw24/,F/W,,Fall / Winter 2024,Learning Arabic,http://evergreenreview.com/read/learning-arabic/,Laura Kraftowitz,
http://evergreenreview.com/fw24/,F/W,,Fall / Winter 2024,Crackpots and Visionaries: Tales of Madness in the Shadow of the Guillotine,http://evergreenreview.com/read/crackpots-and-visionaries/,Ann Lewinson,
http://evergreenreview.com/fw24/,F/W,,Fall / Winter 2024,Thamsanqa’s Groove / Ziyakhala,http://evergreenreview.com/read/thamsanqas-groove-and-ziyakhala/,Sandile Ngidi,
http://evergreenreview.com/fw24/,F/W,,Fall / Winter 2024,Poppet,http://evergreenreview.com/read/poppet/,Tate Gieselmann,
http://evergreenreview.com/fw24/,F/W,,Fall / Winter 2024,Tribute to the fallen and Other Poems,http://evergreenreview.com/read/tribute-to-the-fallen-and-other-poems/,Gudani Ramikosi Bila,Poems
http://evergreenreview.com/fw24/,F/W,,Fall / Winter 2024,Tell Me Truly of My Dear Child If You Have Seen Her Anywhere,http://evergreenreview.com/read/fruit-of-the-dead/,Rachel Lyon,
http://evergreenreview.com/fw24/,F/W,,Fall / Winter 2024,A Lien on Our Minds and Bodies,http://evergreenreview.com/read/a-lien-on-our-minds-and-bodies/,Chiemeziem Everest Udochukwu,
http://evergreenreview.com/fw24/,F/W,,Fall / Winter 2024,River to the River and Other Poems,http://evergreenreview.com/read/river-to-the-river-and-other-poems/,Mphutlane wa Bofelo,Poems
http://evergreenreview.com/fw24/,F/W,,Fall / Winter 2024,Delusions of Authenticity and Certainty,http://evergreenreview.com/read/delusions-of-authenticity-and-certainty/,Joseph Cuomo,
http://evergreenreview.com/fw24/,F/W,,Fall / Winter 2024,Word and Object and Other Poems,http://evergreenreview.com/read/word-and-object-and-other-poems/,R. A. Briggs,Poems
http://evergreenreview.com/fw24/,F/W,,Fall / Winter 2024,The Girls of Cottage Grove,http://evergreenreview.com/read/the-girls-of-cottage-grove/,Jane Marchant,
http://evergreenreview.com/fw24/,F/W,,Fall / Winter 2024,"To my Nephew, Who Just Turned 13 (Letter to Teenage Version of Myself) and Other Poems",http://evergreenreview.com/read/to-my-nephew-who-just-turned-13/,D.M. Aderibigbe,Poems
http://evergreenreview.com/fw24/,F/W,,Fall / Winter 2024,Sex in a Warzone,http://evergreenreview.com/read/sex-in-a-warzone/,Ada Tourette,
http://evergreenreview.com/fw25/,Fall / Winter 2025-2026,,Fall / Winter 2025-2026,From “more than anything”,http://evergreenreview.com/more-than-anything-africa-wayne/,Africa Wayne,
http://evergreenreview.com/fw25/,Fall / Winter 2025-2026,,Fall / Winter 2025-2026,[DAS VIDEOSPIEL] Beautiful Suffering,http://evergreenreview.com/read/das-videospiel-beautiful-suffering/,Alice Maynwaring,
http://evergreenreview.com/fw25/,Fall / Winter 2025-2026,,Fall / Winter 2025-2026,HEXALOGY OF HAGSPLOITATION: Hepzibah 11.21.25,http://evergreenreview.com/read/hexalogy-of-hagsploitation/,Sibyl Kempson,
http://evergreenreview.com/fw25/,Fall / Winter 2025-2026,,Fall / Winter 2025-2026,D.C. Repro,http://evergreenreview.com/read/dc-repro/,Marc Ganzglass,
http://evergreenreview.com/fw25/,Fall / Winter 2025-2026,,Fall / Winter 2025-2026,Son of a Natural Man,http://evergreenreview.com/read/son-of-a-natural-man/,Reggie Scott Young,
http://evergreenreview.com/fw25/,Fall / Winter 2025-2026,,Fall / Winter 2025-2026,Origins According to Stone Swimmer and Other Poems,http://evergreenreview.com/read/origins-according-to-stone-swimmer/,Michael Garrigan,poems
http://evergreenreview.com/fw25/,Fall / Winter 2025-2026,,Fall / Winter 2025-2026,Baseball,http://evergreenreview.com/read/baseball/,Kathy Joyce,
http://evergreenreview.com/fw25/,Fall / Winter 2025-2026,,Fall / Winter 2025-2026,Robbie gave you a blush pink crystal and Other Poems,http://evergreenreview.com/read/robbie-gave-you-a-pink-blush-crystal/,Marisa Crawford,poems
http://evergreenreview.com/fw25/,Fall / Winter 2025-2026,,Fall / Winter 2025-2026,Silent Upon a Peak,http://evergreenreview.com/read/silent-upon-a-peak/,Belén Fernández,
http://evergreenreview.com/fw25/,Fall / Winter 2025-2026,,Fall / Winter 2025-2026,Rail-track Radio Station,http://evergreenreview.com/read/rail-track-radio-station/,Mbzio Chirasha,
http://evergreenreview.com/fw25/,Fall / Winter 2025-2026,,Fall / Winter 2025-2026,The Four Stages of Cruelty (after Hogarth),http://evergreenreview.com/read/the-four-stages-of-cruelty-after-hogarth/,Sue Coe,
http://evergreenreview.com/fw25/,Fall / Winter 2025-2026,,Fall / Winter 2025-2026,The Witness of Nina Mvungi,http://evergreenreview.com/read/the-witness-of-nina-mvungi/,"Esther Karin Mngodo, Jay Boss Rubin",
http://evergreenreview.com/fw25/,Fall / Winter 2025-2026,,Fall / Winter 2025-2026,Pizza Space-Time,http://evergreenreview.com/read/pizza-space-time/,"Gabriel Abrantes, João Marçal",
http://evergreenreview.com/fw25/,Fall / Winter 2025-2026,,Fall / Winter 2025-2026,Witch Hunts,http://evergreenreview.com/read/witch-hunts/,Terese Svoboda,
http://evergreenreview.com/fw25/,Fall / Winter 2025-2026,,Fall / Winter 2025-2026,Infamy and Other Poems,http://evergreenreview.com/read/infamy-and-other-poems/,Daemond Arrindell,poems
http://evergreenreview.com/fw25/,Fall / Winter 2025-2026,,Fall / Winter 2025-2026,Facing the Unspeakable: An Interview with Zanele Muholi,http://evergreenreview.com/read/facing-the-unspeakable-an-interview-with-zanele-muholi/,Sandile Ngidi,interview
http://evergreenreview.com/fw25/,Fall / Winter 2025-2026,,Fall / Winter 2025-2026,Wash Away,http://evergreenreview.com/read/wash-away/,Yewande Omotoso,
http://evergreenreview.com/fw25/,Fall / Winter 2025-2026,,Fall / Winter 2025-2026,You are in a museum,http://evergreenreview.com/read/you-are-in-a-museum/,Luke O'Neil,
http://evergreenreview.com/fw25/,Fall / Winter 2025-2026,,Fall / Winter 2025-2026,The Dinner Party from Hell,http://evergreenreview.com/read/the-dinner-party-from-hell/,Kate Durbin,
http://evergreenreview.com/fw25/,Fall / Winter 2025-2026,,Fall / Winter 2025-2026,The Music Teacher,http://evergreenreview.com/read/the-music-teacher/,Rebecca Brown,
http://evergreenreview.com/fw25/,Fall / Winter 2025-2026,,Fall / Winter 2025-2026,When the end begins and Other Poems,http://evergreenreview.com/read/when-the-end-begins-and-other-poems/,Makhosazana Xaba,poems
http://evergreenreview.com/fw25/,Fall / Winter 2025-2026,,Fall / Winter 2025-2026,Ford for Mayor,http://evergreenreview.com/read/ford-for-mayor/,Zack Ford,
http://evergreenreview.com/fw25/,Fall / Winter 2025-2026,,Fall / Winter 2025-2026,From the Soul: On the Life & Music of Jesse Powell,http://evergreenreview.com/read/from-the-soul-on-the-life-and-music-of-jesse-powell/,Michael A. Gonzales,
http://evergreenreview.com/fw25/,Fall / Winter 2025-2026,,Fall / Winter 2025-2026,Mother Nature Doesn’t Care If You’re Ignorant,http://evergreenreview.com/read/mother-nature-doesnt-care-if-youre-ignorant/,Jerome Ellison Murphy,
http://evergreenreview.com/fw25/,Fall / Winter 2025-2026,,Fall / Winter 2025-2026,Riyadh-a Yadda Yadda,http://evergreenreview.com/read/riyadh-a-yadda-yadda/,Jaye McBride,
http://evergreenreview.com/fw25/,Fall / Winter 2025-2026,,Fall / Winter 2025-2026,Afụnwaelotanna,http://evergreenreview.com/read/afunwaelotanna/,Chinonso Nzeh,
http://evergreenreview.com/fw25/,Fall / Winter 2025-2026,,Fall / Winter 2025-2026,[DAS VIDEOSPIEL] Bad Apple,http://evergreenreview.com/read/bad-apple/,Nat Mesnard,
http://evergreenreview.com/fw25/,Fall / Winter 2025-2026,,Fall / Winter 2025-2026,At the Grave of Walter Mondale and Other Poems,http://evergreenreview.com/read/at-the-grave-of-walter-mondale/,Stephanie Burt,poems
http://evergreenreview.com/fw25/,Fall / Winter 2025-2026,,Fall / Winter 2025-2026,Arewa Boys,http://evergreenreview.com/read/arewa-boys/,Hussani Abdulrahim,
http://evergreenreview.com/fw25/,Fall / Winter 2025-2026,,Fall / Winter 2025-2026,Patterner and Other Poems,http://evergreenreview.com/read/patterner-and-other-poems/,Jeremy Radin,poems
http://evergreenreview.com/fw25/,Fall / Winter 2025-2026,,Fall / Winter 2025-2026,My Heart and the Parts of You That Break,http://evergreenreview.com/read/my-heart-and-the-parts-of-you-that-break/,Michelle Enehiwealu Iruobe,
http://evergreenreview.com/fw25/,Fall / Winter 2025-2026,,Fall / Winter 2025-2026,Carrie Yamaoka: See-saw,http://evergreenreview.com/read/carrie-yamaoka-see-saw/,"Adam Simon, Carrie Yamaoka",
http://evergreenreview.com/fw25/,Fall / Winter 2025-2026,,Fall / Winter 2025-2026,If Bruce Springsteen was a lesbian,http://evergreenreview.com/read/if-bruce-springsteen-was-a-lesbian/,Lara Alonso Corona,
http://evergreenreview.com/fw25/,Fall / Winter 2025-2026,,Fall / Winter 2025-2026,A Kilo of My Husband,http://evergreenreview.com/read/a-kilo-of-my-husband/,Helsea Ikwanga,
http://evergreenreview.com/fw25/,Fall / Winter 2025-2026,,Fall / Winter 2025-2026,Adult and Other Poems,http://evergreenreview.com/read/adult-and-other-poems/,Thomas Sayers Ellis,poems
http://evergreenreview.com/fw25/,Fall / Winter 2025-2026,,Fall / Winter 2025-2026,Boxthorn,http://evergreenreview.com/read/boxthorn/,Jason Schwartz,
http://evergreenreview.com/fw25/,Fall / Winter 2025-2026,,Fall / Winter 2025-2026,Bioluminescence and Other Poems,http://evergreenreview.com/read/bioluminescence-and-other-poems/,Gregory Powell,poems
http://evergreenreview.com/fw25/,Fall / Winter 2025-2026,,Fall / Winter 2025-2026,The Picture of Iris Owen,http://evergreenreview.com/read/the-picture-of-iris-owen/,Jaime Manrique,
http://evergreenreview.com/fw25/,Fall / Winter 2025-2026,,Fall / Winter 2025-2026,Schizophrenic Racism,http://evergreenreview.com/read/schizophrenic-racism/,Allen M. Price,
http://evergreenreview.com/fw25/,Fall / Winter 2025-2026,,Fall / Winter 2025-2026,An Interview with Sahar Delijani,http://evergreenreview.com/read/an-interview-with-sahar-delijani/,"Porochista Khakpour, Sahar Delijani",interview
http://evergreenreview.com/ss23/,Spring / Summer,,S/S 2023,Sugar Daddy,http://evergreenreview.com/read/sugar-daddy/,Pete Prokesch,
http://evergreenreview.com/ss23/,Spring / Summer,,S/S 2023,The Secret Affinities of Pollen and other Poems,http://evergreenreview.com/read/the-secret-affinities-of-pollen-and-other-poems/,Marc Vincenz,Poems
http://evergreenreview.com/ss23/,Spring / Summer,,S/S 2023,Tom Brady’s Hat,http://evergreenreview.com/read/tom-bradys-hat/,Michael Guinzburg,
http://evergreenreview.com/ss23/,Spring / Summer,,S/S 2023,Responsibility and other Poems,http://evergreenreview.com/read/responsibility-and-other-poems/,Sara Elkamel,Poems
http://evergreenreview.com/ss23/,Spring / Summer,,S/S 2023,Please Give the Dead Man His Son,http://evergreenreview.com/read/please-give-the-dead-man-his-son/,Ikechukwu Ogbu,
http://evergreenreview.com/ss23/,Spring / Summer,,S/S 2023,Hand-to-Hand and other Poems,http://evergreenreview.com/read/hand-to-hand-and-other-poems/,Patrick Walsh,Poems
http://evergreenreview.com/ss23/,Spring / Summer,,S/S 2023,The Bath,http://evergreenreview.com/read/the-bath/,Bo Huston,
http://evergreenreview.com/ss23/,Spring / Summer,,S/S 2023,Afterword (The Dream Life),http://evergreenreview.com/read/the-dream-life-afterword/,Rebecca Brown,Afterword
http://evergreenreview.com/ss23/,Spring / Summer,,S/S 2023,The Dream Life (Excerpt),http://evergreenreview.com/read/the-dream-life-excerpt/,Bo Huston,Excerpt
http://evergreenreview.com/ss23/,Spring / Summer,,S/S 2023,Three Amulet Stories,http://evergreenreview.com/read/three-amulet-stories/,Roberta Allen,Stories
http://evergreenreview.com/ss23/,Spring / Summer,,S/S 2023,Five Poems,http://evergreenreview.com/read/five-poems/,Sterling Plumpp,Poems
http://evergreenreview.com/ss23/,Spring / Summer,,S/S 2023,Marcus and Irina,http://evergreenreview.com/read/marcus-and-irina/,Marta Karpuk,
http://evergreenreview.com/ss23/,Spring / Summer,,S/S 2023,Black Panther: Wakanda Forever— Eternal Return of the Afro-Horn,http://evergreenreview.com/read/black-panther-wakanda-forever-eturnal-return-of-the-afro-horn/,Grégory Pierrot,
http://evergreenreview.com/ss23/,Spring / Summer,,S/S 2023,The Man at the Door,http://evergreenreview.com/read/the-man-at-the-door/,Helsea Ikwanga,
http://evergreenreview.com/ss23/,Spring / Summer,,S/S 2023,Swimming,http://evergreenreview.com/read/swimming/,Lena King,
http://evergreenreview.com/ss23/,Spring / Summer,,S/S 2023,The Iran Issue,http://evergreenreview.com/read/the-iran-issue/,Porochista Khakpour,
http://evergreenreview.com/ss23/,Spring / Summer,,S/S 2023,You Only Leave Once,http://evergreenreview.com/read/you-only-leave-once/,Masi Abolhassan,
http://evergreenreview.com/ss23/,Spring / Summer,,S/S 2023,Prophet Nina,http://evergreenreview.com/read/prophet-nina/,Nina Ruth Mir,
http://evergreenreview.com/ss23/,Spring / Summer,,S/S 2023,The Translator Speaks in Her Own Voice,http://evergreenreview.com/read/the-translator-speaks-in-her-own-voice/,Zara Houshmand,
http://evergreenreview.com/ss23/,Spring / Summer,,S/S 2023,Fariba Hajamadi: Reimagining Home,http://evergreenreview.com/read/fariba-hajamadi-reimagining-home/,Fariba Hajamadi,
http://evergreenreview.com/ss23/,Spring / Summer,,S/S 2023,"Women, Life, Freedom: How the Oneness of Iranians Trumps the Contradictions of the Islamic Republic",http://evergreenreview.com/read/women-life-freedom/,Mohammad Hakima,
http://evergreenreview.com/ss23/,Spring / Summer,,S/S 2023,"Mountains May Not Reach Each Other, But People Do Kooh be kooh nemirese, vali adam be adam mirese",http://evergreenreview.com/read/mountains-may-not-reach-eachother-but-people-do/,Golafarin Razi,
http://evergreenreview.com/ss23/,Spring / Summer,,S/S 2023,Hearts Have Paths to One Another Del be del rah dareh,http://evergreenreview.com/read/hearts-have-paths-to-one-another/,Golafarin Razi,
http://evergreenreview.com/ss23/,Spring / Summer,,S/S 2023,This World is Only Lasts Two Days: Donya Hamin Doh Ruze,http://evergreenreview.com/read/this-world-is-only-lasts-two-days/,Golafarin Razi,
http://evergreenreview.com/ss23/,Spring / Summer,,S/S 2023,Second Grade,http://evergreenreview.com/read/second-grade/,Neda Toloui-Semnani,
http://evergreenreview.com/ss23/,Spring / Summer,,S/S 2023,"For Iranians, Freedom is Interdependent; Intersectionality a Necessity",http://evergreenreview.com/read/for-iranians-freedom-is-inderdependant-intersectionality-a-necessity/,Ava Homa,
http://evergreenreview.com/ss23/,Spring / Summer,,S/S 2023,Hindrance,http://evergreenreview.com/read/hindrance/,Mehregan Pezeshki,
http://evergreenreview.com/ss23/,Spring / Summer,,S/S 2023,"Mina v. Saddam, 1982",http://evergreenreview.com/read/mina-v-saddam-1982/,Marjan Kamali,
http://evergreenreview.com/ss23/,Spring / Summer,,S/S 2023,A Poem by Bijan Jalali,http://evergreenreview.com/read/a-poem-by-bijan-jalali/,"Bijan Jalali, Gary Gach, Hamed Kashani",Poem
http://evergreenreview.com/ss23/,Spring / Summer,,S/S 2023,A Poem by Alireza Roshan,http://evergreenreview.com/read/a-poem-by-alireza-roshan/,"Alireza Roshan, Gary Gach",Poem
http://evergreenreview.com/ss23/,Spring / Summer,,S/S 2023,A Poem by Hafez,http://evergreenreview.com/read/a-poem-by-hafez/,"Erfan Mojib, Gary Gach, Hafez",Poem
http://evergreenreview.com/ss23/,Spring / Summer,,S/S 2023,"On Yazd, Yogurt, and Zoroastrian Identity",http://evergreenreview.com/read/on-yazd-yogurt-and-zoroastrian-identity/,Homa Dashtaki,
http://evergreenreview.com/ss23/,Spring / Summer,,S/S 2023,"Stills from Chapter 1, 2 & 3",http://evergreenreview.com/read/stills-from-chapter-1-2-3/,Sunny Shokrae,Stills
http://evergreenreview.com/ss23/,Spring / Summer,,S/S 2023,Introduction to the Iran Issue,http://evergreenreview.com/read/introduction-to-the-iran-issue/,Porochista Khakpour,
http://evergreenreview.com/ss23/,Spring / Summer,,S/S 2023,A Mirror for Princesses,http://evergreenreview.com/read/a-mirror-for-princesses/,Daniel Rafinejad,
http://evergreenreview.com/ss23/,Spring / Summer,,S/S 2023,Preface & Home Proxy Home,http://evergreenreview.com/read/home-proxy-home/,Niloufar Talebi,Preface
http://evergreenreview.com/ss23/,Spring / Summer,,S/S 2023,A conversation with Bruce Benderson and Christopher Stoddard,http://evergreenreview.com/read/a-conversation-with-bruce-benderson-and-christopher-stoddard/,"Bruce Benderson, Christopher Stoddard",Conversation
http://evergreenreview.com/ss23/,Spring / Summer,,S/S 2023,The Puerto Rican,http://evergreenreview.com/read/the-puerto-rican/,Bruce Benderson,
http://evergreenreview.com/ss23/,Spring / Summer,,S/S 2023,Mr. Snuffleupagus,http://evergreenreview.com/read/mr-snuffleupagus/,Christopher Stoddard,
http://evergreenreview.com/ss23/,Spring / Summer,,S/S 2023,"Dear Mother, I am dying and Other Poems",http://evergreenreview.com/read/dear-mother-i-am-dying-and-other-poems/,Ajibola Tolase,Poems
http://evergreenreview.com/ss23/,Spring / Summer,,S/S 2023,Lighthouse,http://evergreenreview.com/read/lighthouse/,Ryan Barnhart,
http://evergreenreview.com/ss23/,Spring / Summer,,S/S 2023,Pop-ins and Floggings: Inside the Senior Porn Revolution,http://evergreenreview.com/read/pop-ins-and-floggins-inside-the-senior-porn-revolution/,Nancy Jainchill,
http://evergreenreview.com/ss23/,Spring / Summer,,S/S 2023,All Hail [The Third] and Other Poems,http://evergreenreview.com/read/all-hail-the-third-and-other-poems/,Cynthia Abdallah,Poems
http://evergreenreview.com/ss23/,Spring / Summer,,S/S 2023,God Knows You Are Here for a Reason,http://evergreenreview.com/read/god-knows-you-are-here-for-a-reason/,Lyn Horton,
http://evergreenreview.com/ss23/,Spring / Summer,,S/S 2023,A Little Boy’s Dream,http://evergreenreview.com/read/a-little-boys-dream/,Abdulrahim Hussani,
http://evergreenreview.com/ss23/,Spring / Summer,,S/S 2023,A Holding Pattern for Living,http://evergreenreview.com/a-holding-pattern-for-living/,"Chris Costan, Karen Schifano",
http://evergreenreview.com/ss23/,Spring / Summer,,S/S 2023,Afterthoughts,http://evergreenreview.com/read/afterthoughts/,Okechi Okeke,
http://evergreenreview.com/ss23/,Spring / Summer,,S/S 2023,As Far As the Eyes Can See,http://evergreenreview.com/read/as-far-as-the-eyes-can-see/,Lionel Cruet,
http://evergreenreview.com/ss23/,Spring / Summer,,S/S 2023,Cold,http://evergreenreview.com/read/cold/,Morowa Yejidé,
http://evergreenreview.com/ss23/,Spring / Summer,,S/S 2023,Urine and Other Poems,http://evergreenreview.com/read/urine-and-other-poems/,Paulann Petersen,Poems
http://evergreenreview.com/ss23/,Spring / Summer,,S/S 2023,“Real Housewives Pointing and Runway Models Falling”: An Interview with Laura Collins,http://evergreenreview.com/read/interview-with-laura-collins/,"Laura Collins, Sarah Bridgins",Interview
http://evergreenreview.com/ss23/,Spring / Summer,,S/S 2023,The Bedouin,http://evergreenreview.com/read/the-bedouin/,Eduardo Halfon,
http://evergreenreview.com/ss23/,Spring / Summer,,S/S 2023,"Leave Me, Let Me Live",http://evergreenreview.com/read/leave-me-let-me-live/,Chinonso Nzeh,
http://evergreenreview.com/ss23/,Spring / Summer,,S/S 2023,Blackplate,http://evergreenreview.com/read/blackplate/,Jason Schwartz,
http://evergreenreview.com/ss23/,Spring / Summer,,S/S 2023,The Future of Ruins,http://evergreenreview.com/read/the-future-of-ruins/,Kevin C. Pyle,
http://evergreenreview.com/ss23/,Spring / Summer,,S/S 2023,Best Hope,http://evergreenreview.com/read/best-hope/,Bayo Ojikutu,
http://evergreenreview.com/ss23/,Spring / Summer,,S/S 2023,The Festering Mirror: The NYC Photography of Nancy Hightower,http://evergreenreview.com/read/the-festering-mirror/,"Miracle Jones, Nancy Hightower",Photography
http://evergreenreview.com/ss20/,Spring / Summer,,Spring / Summer 2020,A STATEMENT IN SUPPORT OF AMERICANS PROTESTING THE MURDER OF GEORGE FLOYD,https://evergreenreview.com/read/statement-in-support-of-americans-protesting-the-murder-of-george-floyd/,Evergreen Review,Statement
http://evergreenreview.com/ss20/,Spring / Summer,,Spring / Summer 2020,Without Us: Disabled Writers 30 years after the ADA,http://evergreenreview.com/read/without-us-disabled-writers-30-years-after-the-ada/,Kenny Fries,Essay
http://evergreenreview.com/ss20/,Spring / Summer,,Spring / Summer 2020,COVID-69: Personal Protective Erotica In Parentheses,http://evergreenreview.com/read/in-parentheses/,Minerva Martinez,Erotica
http://evergreenreview.com/ss20/,Spring / Summer,,Spring / Summer 2020,“The Ward Masquerade” and Other Poems,http://evergreenreview.com/read/the-ward-masquerade-and-other-poems/,Kirsten Irving,Poems
http://evergreenreview.com/ss20/,Spring / Summer,,Spring / Summer 2020,How to Disavow All That Is False in the World,http://evergreenreview.com/read/how-to-disavow-all-that-is-false-in-the-world/,Bonnie Nadzam,Fiction
http://evergreenreview.com/ss20/,Spring / Summer,,Spring / Summer 2020,COVID-69: Personal Protective Erotica 50 Quarantine Fantasies (Selections),http://evergreenreview.com/read/50-quarantine-fantasies/,Kait Heacock,Erotica
http://evergreenreview.com/ss20/,Spring / Summer,,Spring / Summer 2020,“This is Singapore” On Watching Westworld in the Diaspora,http://evergreenreview.com/read/this-is-singapore-on-watching-westworld-in-the-diaspora/,Joanne Leow,Essay
http://evergreenreview.com/ss20/,Spring / Summer,,Spring / Summer 2020,“Blackouts” and Other Poems,http://evergreenreview.com/read/blackouts-and-other-poems/,Paul Stinson,Poems
http://evergreenreview.com/ss20/,Spring / Summer,,Spring / Summer 2020,Palestine: Even Covid-19 Cannot Stop Israeli Occupation,http://evergreenreview.com/read/palestine-even-covid-19-cannot-stop-israeli-occupation/,Ibtisam Azem,Essay
http://evergreenreview.com/ss20/,Spring / Summer,,Spring / Summer 2020,Limbo,http://evergreenreview.com/read/r-marshall-limbo/,Robert(a) Marshall,Essay
http://evergreenreview.com/ss20/,Spring / Summer,,Spring / Summer 2020,COVID-69: Personal Protective Erotica Patrick Gets Inspired,http://evergreenreview.com/read/patrick-gets-inspired/,Megan Milks,Erotica
http://evergreenreview.com/ss20/,Spring / Summer,,Spring / Summer 2020,“Recovery” and Other Poems,http://evergreenreview.com/read/recovery-and-other-poems/,Christian Roberts,Poems
http://evergreenreview.com/ss20/,Spring / Summer,,Spring / Summer 2020,A More Perfect Reunion,http://evergreenreview.com/read/a-more-perfect-reunion/,Calvin Baker,Essay
http://evergreenreview.com/ss20/,Spring / Summer,,Spring / Summer 2020,Postcard From Now,http://evergreenreview.com/read/postcard-from-now/,Laurie Stone,Essay
http://evergreenreview.com/ss20/,Spring / Summer,,Spring / Summer 2020,Curfew Nights,http://evergreenreview.com/read/curfew-nights/,Suzanne Gardinier,Poems
http://evergreenreview.com/ss20/,Spring / Summer,,Spring / Summer 2020,“Domesticated Interior” and Other Poems,http://evergreenreview.com/read/domesticated-interior-and-other-poems/,James Midgley,Poems
http://evergreenreview.com/ss20/,Spring / Summer,,Spring / Summer 2020,The Alien and the Sovereign: Yellow Peril in Pandemic Times,http://evergreenreview.com/read/the-alien-and-the-sovereign-yellow-peril-in-pandemic-times/,Ju-Hyun Park,Essay
http://evergreenreview.com/ss20/,Spring / Summer,,Spring / Summer 2020,African Lives Matter: The Future Crisis,http://evergreenreview.com/read/african-lives-matter-the-future-crisis/,Jeffery Renard Allen,Essay
http://evergreenreview.com/ss20/,Spring / Summer,,Spring / Summer 2020,COVID-69: Personal Protective Erotica Glass Mask,http://evergreenreview.com/read/glass-mask/,Wednesday Black,Erotica
http://evergreenreview.com/ss20/,Spring / Summer,,Spring / Summer 2020,“Dear Professor” and Other Poems,http://evergreenreview.com/read/dear-professor-and-other-poems/,Hannah Lowe,Poems
http://evergreenreview.com/ss20/,Spring / Summer,,Spring / Summer 2020,Exceptionalism Redux,http://evergreenreview.com/read/exceptionalism-redux/,Mark Jacobs,Fiction
http://evergreenreview.com/ss20/,Spring / Summer,,Spring / Summer 2020,COVID-69: Personal Protective Erotica The Neighbor,http://evergreenreview.com/read/the-neighbor/,Diana Spechler,Erotica
http://evergreenreview.com/ss20/,Spring / Summer,,Spring / Summer 2020,"So Long, and Thanks for Nothing",http://evergreenreview.com/read/so-long-and-thanks-for-nothing/,Yasmin Nair,Essay
http://evergreenreview.com/ss20/,Spring / Summer,,Spring / Summer 2020,“Suiteroom – Take 1” and Other Poems,http://evergreenreview.com/read/suiteroom-and-other-poems-lune-loh/,Lune Loh,Poems
http://evergreenreview.com/ss20/,Spring / Summer,,Spring / Summer 2020,Year One,http://evergreenreview.com/read/year-one/,N.F. Gregg,Fiction
http://evergreenreview.com/ss20/,Spring / Summer,,Spring / Summer 2020,“Diagnostics” and Other Poems,http://evergreenreview.com/read/diagnostics-and-other-poems/,Gary J. Shipley,Poems
http://evergreenreview.com/ss20/,Spring / Summer,,Spring / Summer 2020,COVID-69: Personal Protective Erotica Aries,http://evergreenreview.com/read/camille-claudel-aries/,Camille Claudel,Erotica
http://evergreenreview.com/ss20/,Spring / Summer,,Spring / Summer 2020,"COVID-69: Personal Protective Erotica Behind the Bars, No World",http://evergreenreview.com/read/behind-the-bars-no-world/,Alexis N. Wright,Erotica
http://evergreenreview.com/ss20/,Spring / Summer,,Spring / Summer 2020,De Chirico’s Ghosts,http://evergreenreview.com/read/de-chiricos-ghosts/,Douglas Anthony Cooper,Essay
http://evergreenreview.com/ss20/,Spring / Summer,,Spring / Summer 2020,"Dormant Uses, Queer Histories: Italy, Crisis, and the Myth of Safety",http://evergreenreview.com/read/dormant-uses-queer-histories/,Allison Grimaldi Donahue,Essay
http://evergreenreview.com/ss20/,Spring / Summer,,Spring / Summer 2020,“And between ABC and Onetimesone” and other poems,http://evergreenreview.com/read/and-between-abc-and-onetimesone-and-other-poems/,"Heiner Müller, James Reidel",Poems
http://evergreenreview.com/ss20/,Spring / Summer,,Spring / Summer 2020,“The Castles of America” and Other Poems,http://evergreenreview.com/read/3-poems-andrew-shields/,Andrew Shields,Poems
http://evergreenreview.com/ss21/,S/S,,Spring / Summer 2021,“Supermassive Cannibals” and Other Poems,http://evergreenreview.com/read/supermassive-cannibals-and-other-poems/,Gary J. Shipley,Poems
http://evergreenreview.com/ss21/,S/S,,Spring / Summer 2021,Be Careful with Your Wife,http://evergreenreview.com/read/be-careful-with-your-wife/,Helsea Ikwanga,
http://evergreenreview.com/ss21/,S/S,,Spring / Summer 2021,My Pandemic,http://evergreenreview.com/read/my-pandemic/,Joyce Johnson,
http://evergreenreview.com/ss21/,S/S,,Spring / Summer 2021,The Evergreen Review Podcast #006 - Robert Guffey,https://evergreenreview.com/podcast/006-robert-guffey,Robert Guffey,Podcast
http://evergreenreview.com/ss21/,S/S,,Spring / Summer 2021,Pigeon Politics,http://evergreenreview.com/read/pigeon-politics/,Fahim Amir,
http://evergreenreview.com/ss21/,S/S,,Spring / Summer 2021,Swinish Multitudes,http://evergreenreview.com/read/swinish-multitudes/,Fahim Amir,
http://evergreenreview.com/ss21/,S/S,,Spring / Summer 2021,Two Poems,http://evergreenreview.com/read/two-poems-by-lesego-rampolokeng/,Lesego Rampolokeng,Poems
http://evergreenreview.com/ss21/,S/S,,Spring / Summer 2021,“The Counterworld” and Other Poems,http://evergreenreview.com/read/the-counterworld-and-other-poems/,Mathew Weitman,Poems
http://evergreenreview.com/ss21/,S/S,,Spring / Summer 2021,"If You’re Into Eating Children’s Brains, You’ve Got a Four-Year Free Ride: A QAnon Bedtime Story (Part 4)",http://evergreenreview.com/read/if-youre-into-eating-childrens-brains-youve-got-a-four-year-free-ride-4/,Robert Guffey,Bedtime Story
http://evergreenreview.com/ss21/,S/S,,Spring / Summer 2021,"If You’re Into Eating Children’s Brains, You’ve Got a Four-Year Free Ride: A QAnon Bedtime Story (Part 3)",http://evergreenreview.com/read/if-youre-into-eating-childrens-brains-youve-got-a-four-year-free-ride-3/,Robert Guffey,Bedtime Story
http://evergreenreview.com/ss21/,S/S,,Spring / Summer 2021,"If You’re Into Eating Children’s Brains, You’ve Got a Four-Year Free Ride: A QAnon Bedtime Story (Part 2)",http://evergreenreview.com/read/if-youre-into-eating-childrens-brains-youve-got-a-four-year-free-ride-2/,Robert Guffey,Bedtime Story
http://evergreenreview.com/ss21/,S/S,,Spring / Summer 2021,"If You’re Into Eating Children’s Brains, You’ve Got a Four-Year Free Ride: A QAnon Bedtime Story (Part 1)",http://evergreenreview.com/read/if-youre-into-eating-childrens-brains-youve-got-a-four-year-free-ride-1/,Robert Guffey,Bedtime Story
http://evergreenreview.com/ss21/,S/S,,Spring / Summer 2021,“Parish” – A Newly Discovered Poem by Weldon Kees,http://evergreenreview.com/read/parish-a-newly-discovered-poem-by-weldon-kees/,James Reidel,Poem
http://evergreenreview.com/ss21/,S/S,,Spring / Summer 2021,“Day of the Nairobi Marathon” and Other Poems,http://evergreenreview.com/read/day-of-the-nairobi-marathon-and-other-poems/,Janet Remmington,Poems
http://evergreenreview.com/ss21/,S/S,,Spring / Summer 2021,"“It's white supremacy, not sex addiction, stupid!”",https://evergreenreview.com/podcast/its-white-supremacy-not-sex-addiction-stupid,The Evergreen Review and Singapore Unbound,Podcast
http://evergreenreview.com/ss21/,S/S,,Spring / Summer 2021,Dead friends Ode to a song no one knows,http://evergreenreview.com/read/dead-friends/,Nathan Tempey,
http://evergreenreview.com/ss21/,S/S,,Spring / Summer 2021,“Silence in Plague Time” and Other Poems,http://evergreenreview.com/read/silence-in-plague-time-and-other-poems/,Thomas March,Poems
http://evergreenreview.com/ss21/,S/S,,Spring / Summer 2021,Biden’s Fascist Indo-Pacific,http://evergreenreview.com/read/bidens-fascist-indo-pacific/,Ju-Hyun Park,
http://evergreenreview.com/ss21/,S/S,,Spring / Summer 2021,Lucid Dream,http://evergreenreview.com/read/lucid-dream/,Celina Su,
http://evergreenreview.com/ss21/,S/S,,Spring / Summer 2021,Elegy Abecedarian,http://evergreenreview.com/read/elegy-abecedarian/,Devi S. Laskar,
http://evergreenreview.com/ss21/,S/S,,Spring / Summer 2021,A Love Festival (A Short Story),http://evergreenreview.com/read/a-love-festival/,Lewis Nkosi,Short Story
http://evergreenreview.com/ss21/,S/S,,Spring / Summer 2021,The Evergreen Review Podcast #005 - Jeanne Thornton,https://evergreenreview.com/podcast/005-jeanne-thornton,Jeanne Thornton,Podcast
http://evergreenreview.com/ss21/,S/S,,Spring / Summer 2021,Elizabeth Duffy interviewed by Joy Garnett,http://evergreenreview.com/read/elizabeth-duffy-interview/,"Elizabeth Duffy, Joy Garnett",Interview
http://evergreenreview.com/ss21/,S/S,,Spring / Summer 2021,“Sun Worshippers” and Other Poems,http://evergreenreview.com/read/sun-worshippers-and-other-poems/,John Yau,Poems
http://evergreenreview.com/ss21/,S/S,,Spring / Summer 2021,Guard Duty,http://evergreenreview.com/read/guard-duty/,Mohamedou Ould Slahi,
http://evergreenreview.com/ss21/,S/S,,Spring / Summer 2021,Weather Conditions,http://evergreenreview.com/read/weather-conditions/,Laurie Stone,
http://evergreenreview.com/ss21/,S/S,,Spring / Summer 2021,John Ashbery’s Music Library: A Playlist,http://evergreenreview.com/read/from-john-ashberys-music-library-a-playlist/,Karin Roffman,Playlist
http://evergreenreview.com/ss21/,S/S,,Spring / Summer 2021,Four 12s,http://evergreenreview.com/read/four-12s/,Suzanne Gardinier,
http://evergreenreview.com/ss21/,S/S,,Spring / Summer 2021,"Viral Loads: Sex, Ethics, and Erotic Representations of the Covid-19 Pandemic",http://evergreenreview.com/read/viral-loads-sex-ethics-and-erotic-representations-of-the-covid-19-pandemic/,Tucker Landesman,
http://evergreenreview.com/ss21/,S/S,,Spring / Summer 2021,"I am Kafka, a Cat",http://evergreenreview.com/read/i-am-kafka-a-cat/,Roy Vadíl Aragon,
http://evergreenreview.com/ss21/,S/S,,Spring / Summer 2021,"Siak ni Kafka, Pusa",http://evergreenreview.com/read/siak-ni-kafka-pusa/,Roy Vadíl Aragon,
http://evergreenreview.com/ss21/,S/S,,Spring / Summer 2021,A Speech of One’s Own,http://evergreenreview.com/read/a-speech-of-ones-own/,Gina Apostol,
http://evergreenreview.com/ss24/,S/S,,Spring / Summer 2024,"Beauty, Vindication",http://evergreenreview.com/read/beauty-vindication/,Jamie Kahn,Essay
http://evergreenreview.com/ss24/,S/S,,Spring / Summer 2024,The Death Haiku of George Swede,http://evergreenreview.com/read/the-death-haiku-of-george-swede/,Robert Hirschfield,Poetry
http://evergreenreview.com/ss24/,S/S,,Spring / Summer 2024,MATERIAL WORLDS: Kangmin Kim,http://evergreenreview.com/read/material-worlds-kingmin-kim/,"Case Jernigan, Kangmin Kim",Animation/Video
http://evergreenreview.com/ss24/,S/S,,Spring / Summer 2024,Three People,http://evergreenreview.com/read/three-people/,Laurie Stone,Essay
http://evergreenreview.com/ss24/,S/S,,Spring / Summer 2024,Bound,http://evergreenreview.com/read/bound/,Stephanie Frazee,Fiction
http://evergreenreview.com/ss24/,S/S,,Spring / Summer 2024,A Great Fire and Other Poems,http://evergreenreview.com/read/a-great-fire-and-other-poems/,Samuel A. Adeyemi,Poetry
http://evergreenreview.com/ss24/,S/S,,Spring / Summer 2024,The Ghosts of American Rivers,http://evergreenreview.com/read/the-ghosts-of-american-rivers/,Hank Kalet,Essay
http://evergreenreview.com/ss24/,S/S,,Spring / Summer 2024,MATERIAL WORLDS: Amanda Bonaiuto,http://evergreenreview.com/read/material-worlds-amanda-bonaiuto/,"Amanda Bonaiuto, Case Jernigan",Animation/Video
http://evergreenreview.com/ss24/,S/S,,Spring / Summer 2024,Egoli – City of Gold,http://evergreenreview.com/read/egoli-city-of-gold/,Mbizo Chirasha,Poetry
http://evergreenreview.com/ss24/,S/S,,Spring / Summer 2024,The Lie,http://evergreenreview.com/read/the-lie/,Okwudili Nebeolisa,Fiction
http://evergreenreview.com/ss24/,S/S,,Spring / Summer 2024,Fear and Other Poems,http://evergreenreview.com/read/fear-and-other-poems/,Joseph Cuomo,Poetry
http://evergreenreview.com/ss24/,S/S,,Spring / Summer 2024,Necrology,http://evergreenreview.com/read/necrology/,Jason Schwartz,Fiction
http://evergreenreview.com/ss24/,S/S,,Spring / Summer 2024,Notes of an Ambivalent Yogi,http://evergreenreview.com/read/notes-of-an-ambivalent-yogi/,Bhakti Shringarpure,Essay
http://evergreenreview.com/ss24/,S/S,,Spring / Summer 2024,Pantisex Time,http://evergreenreview.com/read/pantisex-time/,Andrew Miller,Fiction
http://evergreenreview.com/ss24/,S/S,,Spring / Summer 2024,How to Make Your Mother Cry,http://evergreenreview.com/read/how-to-make-your-mother-cry/,Sejal Shah,Fiction
http://evergreenreview.com/ss24/,S/S,,Spring / Summer 2024,“I be” : Fady Joudah’s […],http://evergreenreview.com/read/i-be-fady-joudah/,Suzanne Gardinier,Essay/Review
http://evergreenreview.com/ss24/,S/S,,Spring / Summer 2024,South Africa’s Kind of Jazz – Thirty Years of Democracy,http://evergreenreview.com/read/south-africas-kind-of-jazz/,Hugh Mdlalose,Essay
http://evergreenreview.com/ss24/,S/S,,Spring / Summer 2024,The Devil and Lucy Sante,http://evergreenreview.com/read/the-devil-and-lucy-sante/,McKenzie Wark,Essay
http://evergreenreview.com/ss24/,S/S,,Spring / Summer 2024,The Toilet,http://evergreenreview.com/read/the-toilet/,Fred Khumalo,Fiction
http://evergreenreview.com/ss24/,S/S,,Spring / Summer 2024,Hostile Witness,http://evergreenreview.com/lad-decker-hostile-witness/,Lad Decker,Art
http://evergreenreview.com/ss24/,S/S,,Spring / Summer 2024,Dirt Bike,http://evergreenreview.com/read/dirt-bike/,Simon Gadke,Fiction
http://evergreenreview.com/ss24/,S/S,,Spring / Summer 2024,South Africa in the Sixties,http://evergreenreview.com/read/south-africa-in-the-sixties/,Terese Svoboda,Essay
http://evergreenreview.com/ss24/,S/S,,Spring / Summer 2024,"Dear Sparrow, Take Me Home! and Not Yet Spring",http://evergreenreview.com/read/dear-sparrow-take-me-home/,Haya Abu Nasser,Poetry
http://evergreenreview.com/ss24/,S/S,,Spring / Summer 2024,The Jozi Nationalist,http://evergreenreview.com/read/the-jozi-nationalist/,Zukiswa Wanner,Essay
http://evergreenreview.com/ss24/,S/S,,Spring / Summer 2024,Taxi Diaries,http://evergreenreview.com/read/taxi-diaries/,Nonzuzo Gxekwa,Art/Photography
http://evergreenreview.com/ss24/,S/S,,Spring / Summer 2024,The Death House,http://evergreenreview.com/read/the-death-house/,Paul Linczak,Fiction
http://evergreenreview.com/ss24/,S/S,,Spring / Summer 2024,Love Song to Resistance,http://evergreenreview.com/read/love-song-to-resistance/,Phillippa Yaa de Villiers,Poetry
http://evergreenreview.com/ss24/,S/S,,Spring / Summer 2024,With Hidden Noise: Focus on South Africa,http://evergreenreview.com/with-hidden-noise-focus-on-south-africa/,Jeffery Renard Allen,Essay/Introduction
http://evergreenreview.com/ss24/,S/S,,Spring / Summer 2024,The Salton Sea,http://evergreenreview.com/read/the-salton-sea/,Brendan Schallert,Fiction
http://evergreenreview.com/ss24/,S/S,,Spring / Summer 2024,British Broadcasting,http://evergreenreview.com/read/british-broadcasting/,Max Lawton,Fiction
http://evergreenreview.com/ss24/,S/S,,Spring / Summer 2024,Six Afghan Women Writers from The GOAT PoL,http://evergreenreview.com/read/six-afghan-women-writers-from-the-goat-pol/,Matthew Stadler,Essay/Introduction
http://evergreenreview.com/ss24/,S/S,,Spring / Summer 2024,Aida’s Dream,http://evergreenreview.com/read/aidas-dream/,Atefa Qorbani,Fiction/Story
http://evergreenreview.com/ss24/,S/S,,Spring / Summer 2024,"Life among Them, with a Dead Cat in the Chimney",http://evergreenreview.com/read/life-among-them-with-a-dead-cat-in-the-chimney/,Tamanna Mehrzad,Fiction/Story
http://evergreenreview.com/ss24/,S/S,,Spring / Summer 2024,"My Routines, Her Dreams",http://evergreenreview.com/read/my-routines-her-dreams/,Nahid Rauf,Fiction/Story
http://evergreenreview.com/ss24/,S/S,,Spring / Summer 2024,Weird Wednesday’s Black Oranges,http://evergreenreview.com/read/weird-wednesdays-black-oranges/,Freshta Azimi,Fiction/Story
http://evergreenreview.com/ss24/,S/S,,Spring / Summer 2024,The Girl and the Slaughterhouse,http://evergreenreview.com/read/the-girl-and-the-slaughterhouse/,Parwana Amiri,Fiction/Story
http://evergreenreview.com/ss24/,S/S,,Spring / Summer 2024,The Garden,http://evergreenreview.com/read/the-garden/,Mozhgan Mahjoob,Fiction/Story
http://evergreenreview.com/ss24/,S/S,,Spring / Summer 2024,I am not Hafiz’s Wife,http://evergreenreview.com/read/i-am-not-hafizs-wife/,Atefa Qorbani,Fiction/Story
http://evergreenreview.com/ss24/,S/S,,Spring / Summer 2024,Substitutions,http://evergreenreview.com/read/substitutions/,Jess Richardson,Fiction
http://evergreenreview.com/ss24/,S/S,,Spring / Summer 2024,On RJ Hearing Ray Charles Sing “America” and Other Poems,http://evergreenreview.com/read/on-rj-hearing-ray-charles-sing-america-and-other-poems/,Reggie Scott Young,Poetry
http://evergreenreview.com/ss24/,S/S,,Spring / Summer 2024,Beasts,http://evergreenreview.com/read/beasts/,Jefferey Spivey,Fiction
http://evergreenreview.com/ss24/,S/S,,Spring / Summer 2024,Untitled Salvation and Other Poems,http://evergreenreview.com/read/untitled-salvation-and-other-poems/,Stewart Shaw,Poetry
http://evergreenreview.com/ss25/,Spring / Summer,,Spring / Summer 2025,The Evergreen Review presents: Das Videospiel,https://evergreenreview.com/das-videospiel,An international journal of narrative design,Journal/Special Project
http://evergreenreview.com/ss25/,Spring / Summer,,Spring / Summer 2025,My Nuclear Family (Part 1),http://evergreenreview.com/read/my-nuclear-family-1/,Nathan Tempey,
http://evergreenreview.com/ss25/,Spring / Summer,,Spring / Summer 2025,My Nuclear Family (Part 2),http://evergreenreview.com/read/my-nuclear-family-2/,Nathan Tempey,
http://evergreenreview.com/ss25/,Spring / Summer,,Spring / Summer 2025,Daydreamers,http://evergreenreview.com/read/daydreamers/,Alvin Lu,
http://evergreenreview.com/ss25/,Spring / Summer,,Spring / Summer 2025,The Method,http://evergreenreview.com/read/the-method/,Lydia Stryk,
http://evergreenreview.com/ss25/,Spring / Summer,,Spring / Summer 2025,In Memoriam Edmund White,http://evergreenreview.com/read/in-memoriam-of-edmund-white/,Rick Whitaker,
http://evergreenreview.com/ss25/,Spring / Summer,,Spring / Summer 2025,My Life as an Insect and Other Poems,http://evergreenreview.com/read/my-life-as-an-insect-and-other-poems/,Eric Thomas Norris,Poems
http://evergreenreview.com/ss25/,Spring / Summer,,Spring / Summer 2025,Certeza,http://evergreenreview.com/read/certeza/,Mark Jacobs,
http://evergreenreview.com/ss25/,Spring / Summer,,Spring / Summer 2025,From AI to Auden: An Interview with Michael Anania (Part One),http://evergreenreview.com/read/from-ai-to-auden-an-interview-with-michael-anania-1/,"Joshua Corey, Michael Anania",Interview
http://evergreenreview.com/ss25/,Spring / Summer,,Spring / Summer 2025,From AI to Auden: An Interview with Michael Anania (Part Two),http://evergreenreview.com/read/from-ai-to-auden-an-interview-with-michael-anania-2/,"Joshua Corey, Michael Anania",Interview
http://evergreenreview.com/ss25/,Spring / Summer,,Spring / Summer 2025,Blur,http://evergreenreview.com/read/blur/,Stephen O'Connor,
http://evergreenreview.com/ss25/,Spring / Summer,,Spring / Summer 2025,Babalon and Other Poems,http://evergreenreview.com/read/babalon-and-other-poems/,M. Elizabeth Scott,Poems
http://evergreenreview.com/ss25/,Spring / Summer,,Spring / Summer 2025,A Fictional Inquiry,http://evergreenreview.com/read/a-fictional-inquiry/,Daniele Del Giudice,
http://evergreenreview.com/ss25/,Spring / Summer,,Spring / Summer 2025,we don’t go after sailors and Other Poems,http://evergreenreview.com/read/we-dont-go-after-sailors-and-other-poems/,Eliza Dzulkafli,Poems
http://evergreenreview.com/ss25/,Spring / Summer,,Spring / Summer 2025,My Mother’s Son,http://evergreenreview.com/read/my-mothers-son/,Ikechukwu Ogbu,
http://evergreenreview.com/ss25/,Spring / Summer,,Spring / Summer 2025,Bokeh and Other Poems,http://evergreenreview.com/read/bokeh-and-other-poems/,Dare Tunmise,Poems
http://evergreenreview.com/ss25/,Spring / Summer,,Spring / Summer 2025,Swimming With Socks,http://evergreenreview.com/read/swimming-with-socks/,Matthew Hahn,
http://evergreenreview.com/ss25/,Spring / Summer,,Spring / Summer 2025,They are burning ballot boxes and Other Poems,http://evergreenreview.com/read/they-are-burning-ballot-boxes-and-other-poems/,Brad Vogel,Poems
http://evergreenreview.com/ss25/,Spring / Summer,,Spring / Summer 2025,Mourning Elephants,http://evergreenreview.com/read/mourning-elephants/,Nolan Trowe,
http://evergreenreview.com/ss25/,Spring / Summer,,Spring / Summer 2025,Recalibration and Other Poems,http://evergreenreview.com/read/recalibration-and-other-poems/,Carolyn Oliver,Poems
http://evergreenreview.com/ss25/,Spring / Summer,,Spring / Summer 2025,Gnomon and Umber,http://evergreenreview.com/read/gnomon-and-umber/,Sean McKay,
http://evergreenreview.com/ss25/,Spring / Summer,,Spring / Summer 2025,Cemetery Flowers,http://evergreenreview.com/read/cemetery-flowers/,Don Tinling,
http://evergreenreview.com/ss25/,Spring / Summer,,Spring / Summer 2025,Green World,http://evergreenreview.com/read/green-world/,Laura Wolf Benziker,
http://evergreenreview.com/ss25/,Spring / Summer,,Spring / Summer 2025,King Kong Screaming from The Leonardo and Other Poems,http://evergreenreview.com/read/king-kong-screaming-from-the-leonardo/,Sihle Ntuli,Poems
http://evergreenreview.com/ss25/,Spring / Summer,,Spring / Summer 2025,The Mechanic,http://evergreenreview.com/read/the-mechanic/,Siamak Vossoughi,
http://evergreenreview.com/ss25/,Spring / Summer,,Spring / Summer 2025,My Orphans: Snapshot Stories of An Analog World,http://evergreenreview.com/read/my-orphans-snapshot-stories-of-an-analog-world/,Jane Ursula Harris,
http://evergreenreview.com/ss25/,Spring / Summer,,Spring / Summer 2025,10.10.21 and Other Poems,http://evergreenreview.com/read/10-10-21-and-other-poems/,Goodenough Mashego,Poems
http://evergreenreview.com/ss25/,Spring / Summer,,Spring / Summer 2025,Sade Today (after Judith Butler),http://evergreenreview.com/read/sade-today/,Paul Chan,
http://evergreenreview.com/ss25/,Spring / Summer,,Spring / Summer 2025,Inanimate Object,http://evergreenreview.com/read/inanimate-object/,Anna Tyor,
http://evergreenreview.com/ss25/,Spring / Summer,,Spring / Summer 2025,Redress and Revolution,http://evergreenreview.com/read/redress-and-revolution/,William O. Douglas,
http://evergreenreview.com/ss25/,Spring / Summer,,Spring / Summer 2025,Frankie Five Hundred,http://evergreenreview.com/read/frankie-five-hundred/,Michael A. Gonzales,
http://evergreenreview.com/ss25/,Spring / Summer,,Spring / Summer 2025,Review: Alice B. Toklas is Missing,http://evergreenreview.com/alice-b-toklas-is-missing-review/,Susan Blumberg-Kason,Review
http://evergreenreview.com/ss25/,Spring / Summer,,Spring / Summer 2025,The Most Dangerous Game,http://evergreenreview.com/read/the-most-dangerous-game/,Anton Solomonik,
http://evergreenreview.com/ss25/,Spring / Summer,,Spring / Summer 2025,"In the Odd Hours Before the Games Begin, I Rethink Everything and Other Poems",http://evergreenreview.com/read/in-the-odd-hours-before-the-games-begin-i-rethink-everything/,Prosper Ìféányí,Poems
http://evergreenreview.com/ss25/,Spring / Summer,,Spring / Summer 2025,Fort Jabalia: Fourteen ways of looking at white,http://evergreenreview.com/read/fort-jabalia/,Suzanne Gardinier,
http://evergreenreview.com/ss25/,Spring / Summer,,Spring / Summer 2025,Oyibo,http://evergreenreview.com/read/oyibo/,Chinyere Evelyn Uku,
http://evergreenreview.com/ss25/,Spring / Summer,,Spring / Summer 2025,Naming My Weakness and Other Poems,http://evergreenreview.com/read/naming-my-weakness-and-other-poems/,Meghan Sterling,Poems
http://evergreenreview.com/ss25/,Spring / Summer,,Spring / Summer 2025,Love Language,http://evergreenreview.com/read/love-language/,Tshepiso Seleke,
http://evergreenreview.com/ss25/,Spring / Summer,,Spring / Summer 2025,The Imperial Gas Station,http://evergreenreview.com/read/the-imperial-gas-station/,Joseph Anthony Cáceres,
http://evergreenreview.com/ss25/,Spring / Summer,,Spring / Summer 2025,Upon Beige We Hide and Other Poems,http://evergreenreview.com/read/upon-beige-we-hide-and-other-poems/,Katleho Kano Shoro,Poems
http://evergreenreview.com/ss25/,Spring / Summer,,Spring / Summer 2025,The Tire Next Time,http://evergreenreview.com/read/the-tire-next-time/,Younis B. Azeem,
http://evergreenreview.com/ss25/,Spring / Summer,,Spring / Summer 2025,Oracle Series III and Other Poems,http://evergreenreview.com/read/oracle-series-iii-and-other-poems/,Jacqueline Johnson,Poems
http://evergreenreview.com/issues/spring-2017/,Spring,,Spring 2017,Urgently Visible: Why Black Lives Matter,http://evergreenreview.com/read/urgently-visible-jeffery-renard-allen/,Jeffery Renard Allen,Essay
http://evergreenreview.com/issues/spring-2017/,Spring,,Spring 2017,Problems,http://evergreenreview.com/read/problems-jade-sharma/,Jade Sharma,Fiction
http://evergreenreview.com/issues/spring-2017/,Spring,,Spring 2017,"APOPHASIS OR, “WIDGET” IS A NAME FOR SOMETHING WHOSE NAME YOU DON'T KNOW",https://evergreenreview.com/read/apophasis,Dale Peck,Editor's Note
http://evergreenreview.com/issues/spring-2017/,Spring,,Spring 2017,Moviescapes,http://evergreenreview.com/read/moviescapes-alvaro-enrigue/,Álvaro Enrigue,Essay
http://evergreenreview.com/issues/spring-2017/,Spring,,Spring 2017,The Memoirs of a Polar Bear,http://evergreenreview.com/read/the-memoirs-of-a-polar-bear/,Yoko Tawada,Fiction
http://evergreenreview.com/issues/spring-2017/,Spring,,Spring 2017,Romanian Conversation,http://evergreenreview.com/read/romanian-conversation-gary-indiana/,Gary Indiana,Fiction
http://evergreenreview.com/issues/spring-2017/,Spring,,Spring 2017,Boneshaker,http://evergreenreview.com/read/boneshaker/,Frances Bodomo,Film
http://evergreenreview.com/issues/spring-2017/,Spring,,Spring 2017,Profiles in Censorship: Henry Miller and Tropic of Cancer,http://evergreenreview.com/read/profiles-in-censorship-barney-rosset/,Barney Rosset,Non-fiction
http://evergreenreview.com/issues/spring-2017/,Spring,,Spring 2017,Samuel Beckett Is Closed,http://evergreenreview.com/read/samuel-beckett-is-closed/,Michael Coffey,Non-fiction
http://evergreenreview.com/ss19/,S/S,,Spring/Summer 2019,"No, No, Nanette: Hannah Gadsby, Trauma, and Comedy as Emotional Manipulation",http://evergreenreview.com/read/your-laughter-is-my-trauma/,Yasmin Nair,
http://evergreenreview.com/ss19/,S/S,,Spring/Summer 2019,Memories of Sexual Oppression,http://evergreenreview.com/read/memories-of-sexual-oppression/,Joyce Johnson,
http://evergreenreview.com/ss19/,S/S,,Spring/Summer 2019,My Young Life,http://evergreenreview.com/read/my-young-life/,Frederic Tuten,
http://evergreenreview.com/ss19/,S/S,,Spring/Summer 2019,The Fountainhead,http://evergreenreview.com/read/the-fountainhead/,Jeanne Thornton,
http://evergreenreview.com/ss19/,S/S,,Spring/Summer 2019,Party,http://evergreenreview.com/read/party/,Laurie Stone,
http://evergreenreview.com/ss19/,S/S,,Spring/Summer 2019,Four Stories,http://evergreenreview.com/read/four-stories/,Matthew Sharpe,
http://evergreenreview.com/ss19/,S/S,,Spring/Summer 2019,Mi Tío Durán,http://evergreenreview.com/read/mi-tio-duran/,Minerva Martinez,
http://evergreenreview.com/ss19/,S/S,,Spring/Summer 2019,Three Ghazals,http://evergreenreview.com/read/three-ghazals/,"Ghalib, S. Anand",
http://evergreenreview.com/ss19/,S/S,,Spring/Summer 2019,A Conversation with Antoine Volodine,http://evergreenreview.com/read/a-conversation-with-antoine-volodine/,Andrew Wilson,
http://evergreenreview.com/ss19/,S/S,,Spring/Summer 2019,In Memory of Nicole Brown Simpson,http://evergreenreview.com/read/in-memory-of-nicole-brown-simpson/,Andrea Dworkin,
http://evergreenreview.com/ss19/,S/S,,Spring/Summer 2019,Letter to My Teacher,http://evergreenreview.com/read/letter-to-my-teacher/,Dale Peck,
http://evergreenreview.com/ss19/,S/S,,Spring/Summer 2019,Schooldays of Turbulence,http://evergreenreview.com/read/schooldays-of-turbulence/,Pwaangulongii Dauod,
http://evergreenreview.com/ss19/,S/S,,Spring/Summer 2019,To Grandmother’s House,http://evergreenreview.com/read/to-grandmothers-house/,Rebecca Brown,
http://evergreenreview.com/ss19/,S/S,,Spring/Summer 2019,Retablos,http://evergreenreview.com/read/retablos/,Octavio Solis,
http://evergreenreview.com/ss19/,S/S,,Spring/Summer 2019,Connor and Seal,http://evergreenreview.com/read/connor-and-seal/,Jee Leong Koh,
http://evergreenreview.com/ss19/,S/S,,Spring/Summer 2019,The Birthday Boy,http://evergreenreview.com/read/the-birthday-boy/,Charles Ramsay McCrory,
http://evergreenreview.com/winter-2017/,Winter,,Winter 2017,A Manifesto,http://evergreenreview.com/read/a-manifesto/,Yasmin Nair,
http://evergreenreview.com/winter-2017/,Winter,,Winter 2017,The Enchanted Prince,http://evergreenreview.com/read/the-enchanted-prince/,Robert Coover,
http://evergreenreview.com/winter-2017/,Winter,,Winter 2017,Sexual Codes of the Europeans,http://evergreenreview.com/read/sexual-codes-of-the-europeans/,Helen DeWitt,
http://evergreenreview.com/winter-2017/,Winter,,Winter 2017,Weekend,http://evergreenreview.com/read/weekend/,Laurie Stone,
http://evergreenreview.com/winter-2017/,Winter,,Winter 2017,Please Mistake Me For Nobody,http://evergreenreview.com/read/please-mistake-me-for-nobody/,Young-Hae Chang Heavy Industries,
http://evergreenreview.com/winter-2017/,Winter,,Winter 2017,The Priapus Project,http://evergreenreview.com/read/the-priapus-project/,Emily Schultz,
http://evergreenreview.com/winter-2017/,Winter,,Winter 2017,Getting Off,http://evergreenreview.com/read/getting-off/,Jonathan Reiss,
http://evergreenreview.com/winter-2017/,Winter,,Winter 2017,MOTHER TONGUES AND OTHER TONGUES,https://evergreenreview.com/read/mother-tongues-other-tongues/,Dale Peck,Note from the Editor
http://evergreenreview.com/winter-2017/,Winter,,Winter 2017,Sphinx / Day of a Turtle,http://evergreenreview.com/read/sphinx-day-of-a-turtle/,Saba Riazi,
http://evergreenreview.com/winter-2017/,Winter,,Winter 2017,The Doldrums,http://evergreenreview.com/read/the-doldrums/,Sébastien Bernard,
http://evergreenreview.com/winter-2017/,Winter,,Winter 2017,A Languishing Garden,http://evergreenreview.com/read/a-languishing-garden/,Chia-Lun Chang,
http://evergreenreview.com/winter-2017/,Winter,,Winter 2017,Alma,http://evergreenreview.com/read/alma/,Jia Jia,
http://evergreenreview.com/winter-2017/,Winter,,Winter 2017,Tío Jorge,http://evergreenreview.com/read/tio-jorge/,José García Escobar,
http://evergreenreview.com/winter-2017/,Winter,,Winter 2017,The Curator’s Tale,http://evergreenreview.com/read/the-curators-tale/,Chika Onyenezi,
http://evergreenreview.com/winter-2017/,Winter,,Winter 2017,The Beggar,http://evergreenreview.com/read/the-beggar/,Anyigor Ifeoma,
http://evergreenreview.com/100/,Issue 100,100,Fall / Winter 1998,Notes From The Underground,http://evergreenreview.com/read/notes-from-the-underground/,Notes From The Underground,
http://evergreenreview.com/100/,Issue 100,100,Fall / Winter 1998,Russian Revolutionary Posters 1917-1929,http://evergreenreview.com/read/russian-revolutionary-posters-1917-1929/,Stefan Congrat-Butlar,
http://evergreenreview.com/100/,Issue 100,100,Fall / Winter 1998,Letter to the Editor,http://evergreenreview.com/read/letter-to-the-editor/,Maurice Girodias,
http://evergreenreview.com/100/,Issue 100,100,Fall / Winter 1998,Lolita and Mr. Girodias,http://evergreenreview.com/read/lolita-and-mr-girodias/,Vladimir Nabokov,
http://evergreenreview.com/100/,Issue 100,100,Fall / Winter 1998,House of the Winds,http://evergreenreview.com/read/house-of-the-winds/,Mia Yun,
http://evergreenreview.com/100/,Issue 100,100,Fall / Winter 1998,Power Game,http://evergreenreview.com/read/power-game/,Perry Henzell,
http://evergreenreview.com/100/,Issue 100,100,Fall / Winter 1998,In Broken WigWag,http://evergreenreview.com/read/in-broken-wigwag/,Suchi Asano,
http://evergreenreview.com/100/,Issue 100,100,Fall / Winter 1998,God of Darkness,http://evergreenreview.com/read/god-of-darkness/,Christopher G. Moore,
http://evergreenreview.com/100/,Issue 100,100,Fall / Winter 1998,My Mother and I Would Like to Know,http://evergreenreview.com/read/my-mother-and-i-would-like-to-know/,William S. Burroughs,
http://evergreenreview.com/100/,Issue 100,100,Fall / Winter 1998,"Pigs, Prague, Chicago, Other Democrats, and the Sleeper in the Park",http://evergreenreview.com/read/pigs-prague-chicago-other-democrats-and-the-sleeper-in-the-park/,John Schultz,
http://evergreenreview.com/100/,Issue 100,100,Fall / Winter 1998,Where it All Began: The Landing in Cuba,http://evergreenreview.com/read/where-it-all-began-the-landing-in-cuba/,Che Guevara,
http://evergreenreview.com/100/,Issue 100,100,Fall / Winter 1998,Occasional Idyll,http://evergreenreview.com/read/occasional-idyll/,Sally Henzell,
http://evergreenreview.com/100/,Issue 100,100,Fall / Winter 1998,Back Roads to Far Towns After Basho,http://evergreenreview.com/read/back-roads-to-far-towns-after-basho/,Lawrence Ferlinghetti,
http://evergreenreview.com/100/,Issue 100,100,Fall / Winter 1998,"Rant, From a Cool Place",http://evergreenreview.com/read/rant-from-a-cool-place/,Diane DiPrima,
http://evergreenreview.com/100/,Issue 100,100,Fall / Winter 1998,"George Swimming At Barnes Hole, But It Got Too Cold",http://evergreenreview.com/read/george-swimming-at-barnes-hole-but-it-got-too-cold/,Paul Carroll,
http://evergreenreview.com/100/,Issue 100,100,Fall / Winter 1998,Capriccio to Djuna,http://evergreenreview.com/read/capriccio-to-djuna/,Michael O'Donoghue,
http://evergreenreview.com/100/,Issue 100,100,Fall / Winter 1998,Introduction to Evergreen Review Reader 1967-1973,http://evergreenreview.com/read/introduction-to-evergreen-review-reader-1967-1973/,Barney Rosset,
http://evergreenreview.com/101/,Issue 101,101,Winter 1998-1999,Notes From The Underground,http://evergreenreview.com/read/notes-from-the-underground-2/,Notes From The Underground,
http://evergreenreview.com/101/,Issue 101,101,Winter 1998-1999,Ross,http://evergreenreview.com/read/ross/,William Bryant,
http://evergreenreview.com/101/,Issue 101,101,Winter 1998-1999,House of the Winds (Continued),http://evergreenreview.com/read/house-of-the-winds-continued/,Mia Yun,
http://evergreenreview.com/101/,Issue 101,101,Winter 1998-1999,To Breathe Together,http://evergreenreview.com/read/to-breathe-together/,David Sutherland,
http://evergreenreview.com/101/,Issue 101,101,Winter 1998-1999,Alba,http://evergreenreview.com/read/alba/,Rachel King,
http://evergreenreview.com/101/,Issue 101,101,Winter 1998-1999,"Lolita, Nabokov and I",http://evergreenreview.com/read/lolita-nabokov-and-i/,Maurice Girodias,
http://evergreenreview.com/101/,Issue 101,101,Winter 1998-1999,Brazen,http://evergreenreview.com/read/brazen/,Ghislaine Dunant,
http://evergreenreview.com/101/,Issue 101,101,Winter 1998-1999,COPA?,http://evergreenreview.com/read/copa/,Jason Meagher,
http://evergreenreview.com/101/,Issue 101,101,Winter 1998-1999,Watching,http://evergreenreview.com/read/watching/,John Fergus Ryan,
http://evergreenreview.com/101/,Issue 101,101,Winter 1998-1999,Fish Waif,http://evergreenreview.com/read/fish-waif/,Michael O'Donoghue & Eric Bach,
http://evergreenreview.com/101/,Issue 101,101,Winter 1998-1999,The Myth – Scarcity,http://evergreenreview.com/read/the-myth-scarcity/,"Frances Moore Lappé, Joseph Collins & Peter Rosset",
http://evergreenreview.com/101/,Issue 101,101,Winter 1998-1999,J,http://evergreenreview.com/read/j/,Kenzaburō Ōe,
http://evergreenreview.com/101/,Issue 101,101,Winter 1998-1999,Monkey Talk,http://evergreenreview.com/read/monkey-talk/,Christopher Moore,
http://evergreenreview.com/101/,Issue 101,101,Winter 1998-1999,Fuzz Against Junk,http://evergreenreview.com/read/fuzz-against-junk/,Akbar Del Piombo,
http://evergreenreview.com/102/,Issue 102,102,Winter 1999,Notes from the Underground,http://evergreenreview.com/read/notes-from-the-underground-4/,Notes from the Underground,
http://evergreenreview.com/102/,Issue 102,102,Winter 1999,Op Ev,http://evergreenreview.com/read/op-ev/,Evergreen Editorials,Editorial
http://evergreenreview.com/102/,Issue 102,102,Winter 1999,Freedom Bound,http://evergreenreview.com/read/freedom-bound/,Joanne Grant,
http://evergreenreview.com/102/,Issue 102,102,Winter 1999,Cunard & Beckett,http://evergreenreview.com/read/cunard-beckett/,Robert Goffin & Ernst Moerman,
http://evergreenreview.com/102/,Issue 102,102,Winter 1999,On the Birthday of the Stranger,http://evergreenreview.com/read/on-the-birthday-of-the-stranger/,Michael Joyce,
http://evergreenreview.com/102/,Issue 102,102,Winter 1999,After the Break In,http://evergreenreview.com/read/after-the-break-in/,Michael Bruner,
http://evergreenreview.com/102/,Issue 102,102,Winter 1999,An Unexpected Interlude Between Two Characters,http://evergreenreview.com/read/an-unexpected-interlude-between-two-characters/,Jaqueline Herranz Brooks,
http://evergreenreview.com/102/,Issue 102,102,Winter 1999,"November 3, 1998 Dark Afternoon",http://evergreenreview.com/read/november-3-1998-dark-afternoon/,Charles Plymell,
http://evergreenreview.com/102/,Issue 102,102,Winter 1999,"Daisy, Daisy",http://evergreenreview.com/read/daisy-daisy/,Philip Guichard,
http://evergreenreview.com/102/,Issue 102,102,Winter 1999,Going Public with the High Yella Black,http://evergreenreview.com/read/going-public-with-the-high-yella-black/,Lee R. Haven,
http://evergreenreview.com/102/,Issue 102,102,Winter 1999,Memory’s Sun,http://evergreenreview.com/read/memorys-sun/,Matt Cutugno,
http://evergreenreview.com/102/,Issue 102,102,Winter 1999,On Suburban Souls,http://evergreenreview.com/read/on-suburban-souls/,Richard Manton,
http://evergreenreview.com/102/,Issue 102,102,Winter 1999,The Assassination Of John Fitzgerald Kennedy Considered As A Downhill Motor Race,http://evergreenreview.com/read/the-assassination-of-john-fitzgerald-kennedy-considered-as-a-downhill-motor-race/,J.G. Ballard,
http://evergreenreview.com/102/,Issue 102,102,Winter 1999,The Crucifixion Considered as an Uphill Bicycle Race,http://evergreenreview.com/read/the-crucifixion-considered-as-an-uphill-bicycle-race/,Alfred Jarry,
http://evergreenreview.com/102/,Issue 102,102,Winter 1999,Two Poems,http://evergreenreview.com/read/two-poems/,Benjamin Ivry,poem
http://evergreenreview.com/102/,Issue 102,102,Winter 1999,Paris in the Twenties,http://evergreenreview.com/read/paris-in-the-twenties/,Michael O'Donoghue,
http://evergreenreview.com/102/,Issue 102,102,Winter 1999,I Couldn’t Taste the Sugar,http://evergreenreview.com/read/i-couldnt-taste-the-sugar/,Aric Allen,
http://evergreenreview.com/102/,Issue 102,102,Winter 1999,Fuzz Against Junk,http://evergreenreview.com/read/fuzz-against-junk/,Akbar Del Piombo,
http://evergreenreview.com/103/,Issue 103,103,Fall / Winter 1999,Introduction,http://evergreenreview.com/read/introduction/,Barney Rosset,
http://evergreenreview.com/103/,Issue 103,103,Fall / Winter 1999,The Flirtation – A Comparison,http://evergreenreview.com/read/the-flirtation-a-comparison/,Nabokov vs. Pia Pera,
http://evergreenreview.com/103/,Issue 103,103,Fall / Winter 1999,The Kiss Scene,http://evergreenreview.com/read/the-kiss-scene/,Pia Pera,
http://evergreenreview.com/103/,Issue 103,103,Fall / Winter 1999,The Sex Scene,http://evergreenreview.com/read/the-sex-scene/,Pia Pera,
http://evergreenreview.com/103/,Issue 103,103,Fall / Winter 1999,On a Book Entitled Lo’s Diary,http://evergreenreview.com/read/on-a-book-entitled-los-diary/,Dmitri Nabokov,
http://evergreenreview.com/103/,Issue 103,103,Fall / Winter 1999,Lolita and the Lawyers,http://evergreenreview.com/read/lolita-and-the-lawyers/,Martin Garbus,
http://evergreenreview.com/103/,Issue 103,103,Fall / Winter 1999,Little Lo Lost in a Literary Feud,http://evergreenreview.com/read/little-lo-lost-in-a-literary-feud/,Alexandra Gill,
http://evergreenreview.com/103/,Issue 103,103,Fall / Winter 1999,What We Write About When We Write About Lolita,http://evergreenreview.com/read/what-we-write-about-when-we-write-about-lolita/,Lynn Crosbie,
http://evergreenreview.com/103/,Issue 103,103,Fall / Winter 1999,Letter to the Editor,http://evergreenreview.com/read/letter-to-the-editor/,Maurice Girodias,
http://evergreenreview.com/103/,Issue 103,103,Fall / Winter 1999,Lolita and Mr. Girodias,http://evergreenreview.com/read/lolita-and-mr-girodias/,Vladimir Nabokov,
http://evergreenreview.com/104/,Issue 104,104,January 2001,Jew Boy,http://evergreenreview.com/read/jew-boy/,Alan Kaufman,Excerpt from the novel
http://evergreenreview.com/104/,Issue 104,104,January 2001,Sitting Shiva,http://evergreenreview.com/read/sitting-shiva/,Elliot Feldman,
http://evergreenreview.com/104/,Issue 104,104,January 2001,Literary Fly Catcher,http://evergreenreview.com/read/literary-fly-catcher/,Win McCormack & Barney Rosset,
http://evergreenreview.com/104/,Issue 104,104,January 2001,Barney and Joan,http://evergreenreview.com/read/barney-and-joan/,Richard Milazzo,
http://evergreenreview.com/104/,Issue 104,104,January 2001,Letter From Paris,http://evergreenreview.com/read/letter-from-paris/,Joan Mitchell,
http://evergreenreview.com/104/,Issue 104,104,January 2001,Joan Mitchell,http://evergreenreview.com/read/joan-mitchell/,Judith E. Bernstock & Klaus Kertess,
http://evergreenreview.com/104/,Issue 104,104,January 2001,April 15,http://evergreenreview.com/read/april-15/,Ko Un,
http://evergreenreview.com/104/,Issue 104,104,January 2001,A Yard At Night,http://evergreenreview.com/read/a-yard-at-night/,Ko Un,
http://evergreenreview.com/104/,Issue 104,104,January 2001,Berlin,http://evergreenreview.com/read/berlin/,Regina Cherry,
http://evergreenreview.com/104/,Issue 104,104,January 2001,Flashback,http://evergreenreview.com/read/flashback/,Regina Cherry,
http://evergreenreview.com/104/,Issue 104,104,January 2001,Night Flight,http://evergreenreview.com/read/night-flight/,Regina Cherry,
http://evergreenreview.com/104/,Issue 104,104,January 2001,Police Shooting Victim,http://evergreenreview.com/read/police-shooting-victim/,Benjamin Ivry,
http://evergreenreview.com/104/,Issue 104,104,January 2001,With Sam,http://evergreenreview.com/read/with-sam/,Ludovic Janvier,
http://evergreenreview.com/104/,Issue 104,104,January 2001,On Li Po’s Death,http://evergreenreview.com/read/on-li-pos-death/,David Polizzi,Poem
http://evergreenreview.com/104/,Issue 104,104,January 2001,"A Discussion on the Holocaust: Brockport, N.Y., 1985",http://evergreenreview.com/read/a-discussion-on-the-holocaust-brockport-n-y-1985/,David Polizzi,
http://evergreenreview.com/104/,Issue 104,104,January 2001,5:00 A.M.,http://evergreenreview.com/read/500-a-m/,David Polizzi,
http://evergreenreview.com/104/,Issue 104,104,January 2001,Seven Keys to the City,http://evergreenreview.com/read/seven-keys-to-the-city/,Al Giordano,
http://evergreenreview.com/104/,Issue 104,104,January 2001,Notes From The Underground,http://evergreenreview.com/read/notes-from-the-underground-3/,Notes From The Underground,Department/Column
http://evergreenreview.com/105/,Issue 105,105,June 2002,China in Conflict: War Photographs 1944 – 1945,http://evergreenreview.com/read/china-in-conflict-war-photographs-1944-1945/,Barney Rosset,War Photographs
http://evergreenreview.com/105/,Issue 105,105,June 2002,Letters & Review: Rosset Photos,http://evergreenreview.com/read/letters-reviewrosset-photos/,Robert Long,Letters & Review
http://evergreenreview.com/105/,Issue 105,105,June 2002,Barney Rosset Turns 80,http://evergreenreview.com/read/barney-rosset-turns-80/,Jim Knipfel,
http://evergreenreview.com/105/,Issue 105,105,June 2002,Emil Cadoo: Works from the Sixties,http://evergreenreview.com/read/emil-cadoo-works-from-the-sixties/,Glenn O'Brien,
http://evergreenreview.com/105/,Issue 105,105,June 2002,Metronome,http://evergreenreview.com/read/metronome/,Lin Hendler,
http://evergreenreview.com/105/,Issue 105,105,June 2002,Powder Love,http://evergreenreview.com/read/powder-love/,Spoon Jackson,
http://evergreenreview.com/105/,Issue 105,105,June 2002,Light Pole,http://evergreenreview.com/read/light-pole/,Spoon Jackson,
http://evergreenreview.com/105/,Issue 105,105,June 2002,Purity & Mercy,http://evergreenreview.com/read/purity-mercy/,Robert Gibbons,
http://evergreenreview.com/105/,Issue 105,105,June 2002,Last Train to Montpellier,http://evergreenreview.com/read/last-train-to-montpellier/,Robert Gibbons,
http://evergreenreview.com/105/,Issue 105,105,June 2002,Alphabet,http://evergreenreview.com/read/alphabet/,Felix Fojas,
http://evergreenreview.com/105/,Issue 105,105,June 2002,"Sevilla, Spain",http://evergreenreview.com/read/sevilla-spain/,Urquiza Vicente,
http://evergreenreview.com/106/,Issue 106,106,February 2003,Barney Rosset’s Trip of a Lifetime,http://evergreenreview.com/read/barney-rossets-trip-of-a-lifetime/,Frank Shouldice,
http://evergreenreview.com/106/,Issue 106,106,February 2003,Club Orchid,http://evergreenreview.com/read/club-orchid/,Nami Mun,
http://evergreenreview.com/106/,Issue 106,106,February 2003,The Deer’s Path,http://evergreenreview.com/read/the-deers-path/,Mayumi Oda,
http://evergreenreview.com/106/,Issue 106,106,February 2003,Doug,http://evergreenreview.com/read/doug/,Jerome Chapman,
http://evergreenreview.com/106/,Issue 106,106,February 2003,Tomi Ungerer’s Girls,http://evergreenreview.com/read/tomi-ungerers-girls/,Tomi Ungerer,
http://evergreenreview.com/106/,Issue 106,106,February 2003,Gleaming and Faded,http://evergreenreview.com/read/gleaming-and-faded/,Rick Furman,
http://evergreenreview.com/106/,Issue 106,106,February 2003,The Body of Sound,http://evergreenreview.com/read/the-body-of-sound/,Mary de Rachewiltz,
http://evergreenreview.com/106/,Issue 106,106,February 2003,Only Miracle,http://evergreenreview.com/read/only-miracle/,Stephen Bett,
http://evergreenreview.com/106/,Issue 106,106,February 2003,The Lion of the Beats,http://evergreenreview.com/read/the-lion-of-the-beats/,Valery Oisteanu,
http://evergreenreview.com/106/,Issue 106,106,February 2003,Notes from the Underground,http://evergreenreview.com/read/notes-from-the-underground-5/,Notes from the Underground,
http://evergreenreview.com/107/,Issue 107,107,Spring 2004,Words of a Winter Soldier,http://evergreenreview.com/read/words-of-a-winter-soldier/,John Forbes Kerry,
http://evergreenreview.com/107/,Issue 107,107,Spring 2004,Man in the Zoo: George Grosz’ Ecce Homo,http://evergreenreview.com/read/man-in-the-zoo-george-grosz-ecce-homo/,Henry Miller,
http://evergreenreview.com/107/,Issue 107,107,Spring 2004,A God Deposed,http://evergreenreview.com/read/a-god-deposed/,Richard Milazzo,
http://evergreenreview.com/107/,Issue 107,107,Spring 2004,Like Ashes Upon A Golden Threshold,http://evergreenreview.com/read/like-ashes-upon-a-golden-threshold/,Richard Milazzo,
http://evergreenreview.com/107/,Issue 107,107,Spring 2004,If I Got Hit By A Car,http://evergreenreview.com/read/if-i-got-hit-by-a-car/,Chantal Rosset,
http://evergreenreview.com/107/,Issue 107,107,Spring 2004,Elephant Watch,http://evergreenreview.com/read/elephant-watch/,S.D. Mulligan,
http://evergreenreview.com/107/,Issue 107,107,Spring 2004,Unsafe At Any Speed,http://evergreenreview.com/read/unsafe-at-any-speed/,Michael Guinzburg,
http://evergreenreview.com/107/,Issue 107,107,Spring 2004,Eating Lobster with You,http://evergreenreview.com/read/eating-lobster-with-you/,Daisy Friedman,
http://evergreenreview.com/107/,Issue 107,107,Spring 2004,Legend of the Fall,http://evergreenreview.com/read/legend-of-the-fall/,Kwon Jun Hyung,
http://evergreenreview.com/107/,Issue 107,107,Spring 2004,Fall,http://evergreenreview.com/read/fall/,Andrew Shields,
http://evergreenreview.com/107/,Issue 107,107,Spring 2004,Apollo and Marsyas,http://evergreenreview.com/read/apollo-and-marsyas/,Andrew Shields,
http://evergreenreview.com/107/,Issue 107,107,Spring 2004,Montana Rain,http://evergreenreview.com/read/montana-rain/,Steven Marshall Newton,
http://evergreenreview.com/107/,Issue 107,107,Spring 2004,Grove Press at the Vanguard,http://evergreenreview.com/read/grove-press-at-the-vanguard/,Steven Brower and John Gall,
http://evergreenreview.com/108/,Issue 108,108,Summer 2004,"The Olympian Games in Athens, 1896",http://evergreenreview.com/read/the-olympian-games-in-athens-1896/,Burton Holmes,
http://evergreenreview.com/108/,Issue 108,108,Summer 2004,Yellow Dog Democrat,http://evergreenreview.com/read/yellow-dog-democrat/,S.D. Mulligan,
http://evergreenreview.com/108/,Issue 108,108,Summer 2004,Gulag,http://evergreenreview.com/read/gulag/,Mark Jackley,
http://evergreenreview.com/108/,Issue 108,108,Summer 2004,The Invisible Girl,http://evergreenreview.com/read/the-invisible-girl/,Jim Hazard,
http://evergreenreview.com/108/,Issue 108,108,Summer 2004,Chicken,http://evergreenreview.com/read/chicken/,James Lewelling,
http://evergreenreview.com/108/,Issue 108,108,Summer 2004,Letter to Girl Who Beat Me at Several Games of Eight-Ball,http://evergreenreview.com/read/letter-to-girl-who-beat-me-at-several-games-of-eight-ball/,Ace Boggess,
http://evergreenreview.com/108/,Issue 108,108,Summer 2004,Paris in the Twenties,http://evergreenreview.com/read/paris-in-the-twenties/,Michael O'Donoghue,
http://evergreenreview.com/108/,Issue 108,108,Summer 2004,The Silly Old Man with the Young Thai Girl in the Texas Lone Star Saloon,http://evergreenreview.com/read/the-silly-old-man-with-the-young-thai-girl-in-the-texas-lone-star-saloon/,Dean Barrett,
http://evergreenreview.com/108/,Issue 108,108,Summer 2004,"Review – Mia Yun, Translations of Beauty",http://evergreenreview.com/read/review-mia-yun-translations-of-beauty/,Jim Feast,Review
http://evergreenreview.com/109/,Issue 109,109,Winter 2004,Last Refuge,http://evergreenreview.com/read/last-refuge/,Muhammad Nasrullah Khan,
http://evergreenreview.com/109/,Issue 109,109,Winter 2004,Human Life A-Go-Go,http://evergreenreview.com/read/human-life-a-go-go/,Jim Feast,
http://evergreenreview.com/109/,Issue 109,109,Winter 2004,A Feast of Peonies,http://evergreenreview.com/read/a-feast-of-peonies/,Obi,
http://evergreenreview.com/109/,Issue 109,109,Winter 2004,Aliens,http://evergreenreview.com/read/aliens/,Idious Buguise,
http://evergreenreview.com/109/,Issue 109,109,Winter 2004,Still Alive,http://evergreenreview.com/read/still-alive/,Jackie Blackman,
http://evergreenreview.com/109/,Issue 109,109,Winter 2004,Poem For A Friend In Prison,http://evergreenreview.com/read/poem-for-a-friend-in-prison/,A. D. Winans,
http://evergreenreview.com/109/,Issue 109,109,Winter 2004,While The Talker Talks,http://evergreenreview.com/read/while-the-talker-talks/,Chivas Sandage,
http://evergreenreview.com/109/,Issue 109,109,Winter 2004,East of Eden,http://evergreenreview.com/read/east-of-eden/,Lawrence Carradini,
http://evergreenreview.com/109/,Issue 109,109,Winter 2004,7/30/04,http://evergreenreview.com/read/73004/,Anyssa Kim,
http://evergreenreview.com/109/,Issue 109,109,Winter 2004,9/3/04,http://evergreenreview.com/read/9304/,Anyssa Kim,
http://evergreenreview.com/109/,Issue 109,109,Winter 2004,Charity Balls,http://evergreenreview.com/read/charity-balls/,John Weiners,
http://evergreenreview.com/109/,Issue 109,109,Winter 2004,Doll,http://evergreenreview.com/read/doll/,John Weiners,
http://evergreenreview.com/109/,Issue 109,109,Winter 2004,My Buddha Angel in Chengdu,http://evergreenreview.com/read/my-buddha-angel-in-chengdu/,David Amram,
http://evergreenreview.com/109/,Issue 109,109,Winter 2004,*,http://evergreenreview.com/read/3999/,Simon Perchik,
http://evergreenreview.com/109/,Issue 109,109,Winter 2004,"Ides of March – April, the Cruellest Month",http://evergreenreview.com/read/ides-of-march-april-the-cruellest-month/,Regina Cherry,
http://evergreenreview.com/109/,Issue 109,109,Winter 2004,"Review – Robert Gibbons, Body of Time",http://evergreenreview.com/read/review-robert-gibbons-body-of-time/,Jim Feast,Review
http://evergreenreview.com/109/,Issue 109,109,Winter 2004,"Review – Michael Lally, March 18, 2003",http://evergreenreview.com/read/review-michael-lally-march-18-2003/,Jim Feast,Review
http://evergreenreview.com/109/,Issue 109,109,Winter 2004,"Review – Mary Morris, Revenge",http://evergreenreview.com/read/review-mary-morris-revenge/,Jim Feast,Review
http://evergreenreview.com/110/,Issue 110,110,2005,Objects in Mirror,http://evergreenreview.com/read/objects-in-mirror/,Garth Risk Hallberg,
http://evergreenreview.com/110/,Issue 110,110,2005,The Man Who Walked on Air,http://evergreenreview.com/read/the-man-who-walked-on-air/,Alain Arias-Misso,
http://evergreenreview.com/110/,Issue 110,110,2005,Fathers,http://evergreenreview.com/read/fathers/,I. C. Gatsiounis,
http://evergreenreview.com/110/,Issue 110,110,2005,Go Beyond The Holy Books To Self-Realisation,http://evergreenreview.com/read/go-beyond-the-holy-books-to-self-realisation/,O. P. Sharma,
http://evergreenreview.com/110/,Issue 110,110,2005,SKY,http://evergreenreview.com/read/sky/,Kenneth Tindall,
http://evergreenreview.com/110/,Issue 110,110,2005,Moondog Over The Mekong,http://evergreenreview.com/read/moondog-over-the-mekong/,Court Merrigan,
http://evergreenreview.com/110/,Issue 110,110,2005,The Last Memory I Have of My Father,http://evergreenreview.com/read/the-last-memory-i-have-of-my-father/,Donald Breckenridge,
http://evergreenreview.com/110/,Issue 110,110,2005,An Interview with Ron Whitehead,http://evergreenreview.com/read/an-interview-with-ron-whitehead/,Foster Dickson,interview
http://evergreenreview.com/110/,Issue 110,110,2005,Waiting,http://evergreenreview.com/read/waiting/,Patrick Walsh,
http://evergreenreview.com/110/,Issue 110,110,2005,* (Untitled),http://evergreenreview.com/read/untitled/,Andrew Jankowski,
http://evergreenreview.com/110/,Issue 110,110,2005,TERROR WAR,http://evergreenreview.com/read/terror-war/,Vincent Katz,
http://evergreenreview.com/110/,Issue 110,110,2005,The Chair,http://evergreenreview.com/read/the-chair/,Vincent Katz,
http://evergreenreview.com/110/,Issue 110,110,2005,Ball Park Figures,http://evergreenreview.com/read/ball-park-figures/,John Bennett,
http://evergreenreview.com/110/,Issue 110,110,2005,One Step Over the Line,http://evergreenreview.com/read/one-step-over-the-line/,John Bennett,
http://evergreenreview.com/110/,Issue 110,110,2005,Claim Mine,http://evergreenreview.com/read/claim-mine/,Nahrain Al-Mousawi,
http://evergreenreview.com/110/,Issue 110,110,2005,Al Mara,http://evergreenreview.com/read/al-mara/,Nahrain Al-Mousawi,
http://evergreenreview.com/110/,Issue 110,110,2005,Blooms Omen,http://evergreenreview.com/read/blooms-omen/,Nahrain Al-Mousawi,
http://evergreenreview.com/110/,Issue 110,110,2005,Cousin,http://evergreenreview.com/read/cousin/,Nahrain Al-Mousawi,
http://evergreenreview.com/110/,Issue 110,110,2005,Subway Systems,http://evergreenreview.com/read/subway-systems/,Steve Dalachinsky,
http://evergreenreview.com/110/,Issue 110,110,2005,Review: William Bryant’s Ross: T.E. Lawrence Discovers America,http://evergreenreview.com/read/review-william-bryants-ross-t-e-lawrence-discovers-america/,Jim Feast,review
http://evergreenreview.com/110/,Issue 110,110,2005,Review: Clay Patterson’s Captured: A Film/Video History of the Lower East Side,http://evergreenreview.com/read/review-clay-pattersons-captured-a-filmvideo-history-of-the-lower-east-side/,Jim Feast,review
http://evergreenreview.com/110/,Issue 110,110,2005,Review: Witold Gombrowicz’s Bacacay,http://evergreenreview.com/read/review-witold-gombrowiczs-bacacay/,Jim Feast,review
http://evergreenreview.com/110/,Issue 110,110,2005,Review: Wanda Phipps’ Wake-up Calls: 66 Morning Poems,http://evergreenreview.com/read/review-wanda-phipps-wake-up-calls-66-morning-poems/,Jim Feast,review
http://evergreenreview.com/110/,Issue 110,110,2005,Review: Vincent Katz’s Vanitas 1: The State,http://evergreenreview.com/read/review-vincent-katzs-vanitas-1-the-state/,Steve Dalachinsky,review
http://evergreenreview.com/111/,Issue 111,111,2006,Absolutely Golden,http://evergreenreview.com/read/absolutely-golden/,D. Foy,
http://evergreenreview.com/111/,Issue 111,111,2006,Bound for Invention,http://evergreenreview.com/read/bound-for-invention/,Kevin Murphy,
http://evergreenreview.com/111/,Issue 111,111,2006,Human Contact,http://evergreenreview.com/read/human-contact/,James Lewelling,
http://evergreenreview.com/111/,Issue 111,111,2006,John Minihan’s Photos of Samuel Beckett,http://evergreenreview.com/read/john-minihans-photos-of-samuel-beckett/,John Minihan,
http://evergreenreview.com/111/,Issue 111,111,2006,Man on a Train,http://evergreenreview.com/read/man-on-a-train/,Rosemary Winfield,
http://evergreenreview.com/111/,Issue 111,111,2006,"Mao, On Contradiction",http://evergreenreview.com/read/mao-on-contradiction/,Moshe Dann,
http://evergreenreview.com/111/,Issue 111,111,2006,Tuesday Morning Craigslist Post,http://evergreenreview.com/read/tuesday-morning-craigslist-post/,Charles Blackstone,
http://evergreenreview.com/111/,Issue 111,111,2006,Times Square,http://evergreenreview.com/read/times-square/,Margarita Shalina,
http://evergreenreview.com/111/,Issue 111,111,2006,"No Blues (Dominion Tavern, End)",http://evergreenreview.com/read/no-blues-dominion-tavern-end/,Andrew Stacey,
http://evergreenreview.com/111/,Issue 111,111,2006,Never Having Known Your Innocence,http://evergreenreview.com/read/never-having-known-your-innocence/,Andrew Stacey,
http://evergreenreview.com/111/,Issue 111,111,2006,Ella’s Song,http://evergreenreview.com/read/ellas-song/,Nancy Lynn Weber,
http://evergreenreview.com/111/,Issue 111,111,2006,Punks,http://evergreenreview.com/read/punks/,Nancy Lynn Weber,
http://evergreenreview.com/111/,Issue 111,111,2006,Life (Part II),http://evergreenreview.com/read/life-part-ii/,Lukus Zuker,
http://evergreenreview.com/111/,Issue 111,111,2006,Awkward Silence at MOMA,http://evergreenreview.com/read/awkward-silence-at-moma/,Hesitant Hack,
http://evergreenreview.com/111/,Issue 111,111,2006,"At Beckett’s Centenary, His American Discoverer Looks Back",http://evergreenreview.com/read/at-becketts-centenary-his-american-discoverer-looks-back/,Frank J. Prial,
http://evergreenreview.com/111/,Issue 111,111,2006,Review: Ed Halter’s From Sun Tzu to Xbox: War and Video Games,http://evergreenreview.com/read/review-ed-halters-from-sun-tzu-to-xbox-war-and-video-games/,Jim Feast,Review
http://evergreenreview.com/111/,Issue 111,111,2006,Review: Jim Feast with Ron Kolm – Neo Phobe,http://evergreenreview.com/read/review-jim-feast-with-ron-kolm-neo-phobe/,Kevin Riordan,Review
http://evergreenreview.com/111/,Issue 111,111,2006,"Review: Andei Codrescu’s New Orleans, Mon Amour",http://evergreenreview.com/read/review-andei-codrescus-new-orleans-mon-amour-twenty-years-of-writings-from-the-city/,Jim Feast,Review
http://evergreenreview.com/111/,Issue 111,111,2006,Review: William Bryant’s The Birds of Paradise: Alfred Russel Wallace: A Life,http://evergreenreview.com/read/review-william-bryants-the-birds-of-paradise-alfred-russel-wallace-a-life/,Jim Feast,Review
http://evergreenreview.com/112/,Issue 112,112,2007,A la Vielle Russie,http://evergreenreview.com/read/a-la-vielle-russie/,Giannina Braschi,
http://evergreenreview.com/112/,Issue 112,112,2007,The Plumber,http://evergreenreview.com/read/the-plumber/,Tsaurah Litzky,
http://evergreenreview.com/112/,Issue 112,112,2007,"Tribute to Bill Rice: Letter to Barney, A Eulogy, Poem, Paintings",http://evergreenreview.com/read/tribute-to-bill-rice-letter-to-barney-a-eulogy-poem-paintings/,Richard Milazzo,"Poem, Paintings"
http://evergreenreview.com/112/,Issue 112,112,2007,Why I Don’t Want to Leave where I Live,http://evergreenreview.com/read/why-i-dont-want-to-leave-where-i-live/,Christen Clifford,
http://evergreenreview.com/112/,Issue 112,112,2007,"From The Memoirs of Josiah Fludd, M.D. Part I",http://evergreenreview.com/read/from-the-memoirs-of-josiah-fludd-m-d-part-i/,Terry Richard Bazes,
http://evergreenreview.com/112/,Issue 112,112,2007,Labor Day & Cold Spring,http://evergreenreview.com/read/labor-day-cold-spring/,Donald Breckenridge,
http://evergreenreview.com/112/,Issue 112,112,2007,Release Date,http://evergreenreview.com/read/release-dates/,John Bennett,
http://evergreenreview.com/112/,Issue 112,112,2007,Braiding,http://evergreenreview.com/read/braiding/,P.B. Adams,
http://evergreenreview.com/112/,Issue 112,112,2007,Analogue Days,http://evergreenreview.com/read/analogue-days/,Nicholas Roehl,
http://evergreenreview.com/112/,Issue 112,112,2007,Barge,http://evergreenreview.com/read/barge/,Vincent Katz,
http://evergreenreview.com/112/,Issue 112,112,2007,Italian Faces and Places,http://evergreenreview.com/read/italian-faces-and-places/,Valery Oisteanu,
http://evergreenreview.com/112/,Issue 112,112,2007,Black Stones Fugue,http://evergreenreview.com/read/black-stones-fugue/,Clif Mason,
http://evergreenreview.com/112/,Issue 112,112,2007,Darkfall,http://evergreenreview.com/read/darkfall/,Clif Mason,
http://evergreenreview.com/112/,Issue 112,112,2007,Lunar Dispossession,http://evergreenreview.com/read/lunar-dispossession/,Clif Mason,
http://evergreenreview.com/112/,Issue 112,112,2007,Review: From The Dark Side: The Collected Poetry of Jonathan Schwartz,http://evergreenreview.com/read/review-from-the-dark-side-the-collected-poetry-of-jonathan-schwartz/,Jim Feast,Review
http://evergreenreview.com/112/,Issue 112,112,2007,"Review: Bald Ego, Volume 1, Issue 2",http://evergreenreview.com/read/review-bald-ego-volume-1-issue-2/,Jim Feast,Review
http://evergreenreview.com/113/,Issue 113,113,2007,Who Do You Say I Am?,http://evergreenreview.com/read/who-do-you-say-i-am/,Tree Riesener,
http://evergreenreview.com/113/,Issue 113,113,2007,The String’s The Thing,http://evergreenreview.com/read/the-strings-the-thing/,Lola Rodriguez,
http://evergreenreview.com/113/,Issue 113,113,2007,Walter Bernard’s Great Balancing Act (Excerpt),http://evergreenreview.com/read/walter-bernards-great-balancing-act-excerpt/,Lee R. Haven,
http://evergreenreview.com/113/,Issue 113,113,2007,The Widow and the Fisherman,http://evergreenreview.com/read/the-widow-and-the-fisherman/,Ron Savage,
http://evergreenreview.com/113/,Issue 113,113,2007,SILOOJII,http://evergreenreview.com/read/siloojii/,Marvin Stern,
http://evergreenreview.com/113/,Issue 113,113,2007,How Sound Travels,http://evergreenreview.com/read/how-sound-travels/,Frank Smith,
http://evergreenreview.com/113/,Issue 113,113,2007,Epicenter,http://evergreenreview.com/read/epicenter/,Ryan Coffey,
http://evergreenreview.com/113/,Issue 113,113,2007,Sediment of the Hills,http://evergreenreview.com/read/sediment-of-the-hills/,Ryan Coffey,
http://evergreenreview.com/113/,Issue 113,113,2007,Ice Skating,http://evergreenreview.com/read/ice-skating/,Carol Wierzbicki,
http://evergreenreview.com/113/,Issue 113,113,2007,To A Young Swimmer,http://evergreenreview.com/read/to-a-young-swimmer/,Carol Wierzbicki,
http://evergreenreview.com/113/,Issue 113,113,2007,"A Meditation on Death in Three Parts, of which there are Push, Anchor, and Pull",http://evergreenreview.com/read/a-meditation-on-death-in-three-parts-of-which-there-are-push-anchor-and-pull/,Erin E. Carr,
http://evergreenreview.com/113/,Issue 113,113,2007,Spasm 1900,http://evergreenreview.com/read/spasm-1900/,Daniel Agin,
http://evergreenreview.com/113/,Issue 113,113,2007,The Persistence of Desire,http://evergreenreview.com/read/the-persistence-of-desire/,P.B. Adams,
http://evergreenreview.com/113/,Issue 113,113,2007,Review: Byways: A Memoir,http://evergreenreview.com/read/review-byways-a-memoir/,Jim Feast,Review
http://evergreenreview.com/113/,Issue 113,113,2007,Review: Bald Ego No. 3,http://evergreenreview.com/read/review-bald-ego-no-3/,Jim Feast,Review
http://evergreenreview.com/113/,Issue 113,113,2007,Review: Vanitas No. 2,http://evergreenreview.com/read/review-vanitas-no-2/,Jim Feast,Review
http://evergreenreview.com/114/,Issue 114,114,2007,The Missed Dream,http://evergreenreview.com/read/the-missed-dream/,Ranvir Singh Parmar,
http://evergreenreview.com/114/,Issue 114,114,2007,Slow Motion Lobotomy,http://evergreenreview.com/read/slow-motion-lobotomy/,Steve Young,
http://evergreenreview.com/114/,Issue 114,114,2007,The First Bomb-Maker,http://evergreenreview.com/read/the-first-bomb-maker/,Dan Agin,
http://evergreenreview.com/114/,Issue 114,114,2007,The Interview (A play in one act),http://evergreenreview.com/read/the-interview/,Brad Chequer,play
http://evergreenreview.com/114/,Issue 114,114,2007,Playing For Time,http://evergreenreview.com/read/playing-for-time/,Henry Hudson,
http://evergreenreview.com/114/,Issue 114,114,2007,Saintly Acts,http://evergreenreview.com/read/saintly-acts/,Bonny Finberg,
http://evergreenreview.com/114/,Issue 114,114,2007,For Antonioni,http://evergreenreview.com/read/for-antonioni/,Adrian Heathcote,
http://evergreenreview.com/114/,Issue 114,114,2007,Tear Yourself Away,http://evergreenreview.com/read/tear-yourself-away/,Robert Gibbons,
http://evergreenreview.com/114/,Issue 114,114,2007,Petty Theft,http://evergreenreview.com/read/petty-theft/,Richard Stevenson,
http://evergreenreview.com/114/,Issue 114,114,2007,Married,http://evergreenreview.com/read/married/,Richard Stevenson,
http://evergreenreview.com/114/,Issue 114,114,2007,Family Vaction,http://evergreenreview.com/read/family-vaction/,Bill Edmondson,
http://evergreenreview.com/114/,Issue 114,114,2007,Sonnet Two,http://evergreenreview.com/read/sonnet-two/,Bill Edmondson,poem
http://evergreenreview.com/114/,Issue 114,114,2007,Doomed Woman,http://evergreenreview.com/read/doomed-woman/,Susan L. Yung,
http://evergreenreview.com/114/,Issue 114,114,2007,Jenseits von Gut und Böse,http://evergreenreview.com/read/jenseits-von-gut-und-bose/,R.W. Watkins,
http://evergreenreview.com/114/,Issue 114,114,2007,Review: Gargoyle 51: 30th Anniversary Edition,http://evergreenreview.com/read/review-gargoyle-51-30th-anniversary-edition/,Jim Feast,Review
http://evergreenreview.com/114/,Issue 114,114,2007,Review: A Voice for My Grandmother,http://evergreenreview.com/read/review-a-voice-for-my-grandmother/,Jim Feast,Review
http://evergreenreview.com/114/,Issue 114,114,2007,Review: Judge,http://evergreenreview.com/read/review-judge/,Jim Feast,Review
http://evergreenreview.com/115/,Issue 115,115,2008,Ground Zero,http://evergreenreview.com/read/ground-zero/,Giannina Braschi,
http://evergreenreview.com/115/,Issue 115,115,2008,Harvard Law,http://evergreenreview.com/read/harvard-law/,Charles Lowe,
http://evergreenreview.com/115/,Issue 115,115,2008,At Night All Cats Are Gray,http://evergreenreview.com/read/at-night-all-cats-are-gray/,Lee Ann Sontheimer Murphy,
http://evergreenreview.com/115/,Issue 115,115,2008,"A Complex, Yet Prayerful Petition",http://evergreenreview.com/read/a-complex-yet-prayerful-petition/,Andrew McCarron,
http://evergreenreview.com/115/,Issue 115,115,2008,A Thousand and One Nights Alone,http://evergreenreview.com/read/a-thousand-and-one-night-alone/,Andrew McCarron,
http://evergreenreview.com/115/,Issue 115,115,2008,The Blessed Virgin of Oakland,http://evergreenreview.com/read/the-blessed-virgin-of-oakland/,Andrew McCarron,
http://evergreenreview.com/115/,Issue 115,115,2008,Curriculum Vitae,http://evergreenreview.com/read/curriculum-vitae/,Regina Derieva,
http://evergreenreview.com/115/,Issue 115,115,2008,COVID-69: Personal Protective Erotica 50 Quarantine Fantasies (Selections),http://evergreenreview.com/read/50-quarantine-fantasies/,Kait Heacock,
http://evergreenreview.com/115/,Issue 115,115,2008,On This World and the Next,http://evergreenreview.com/read/on-this-world-and-the-next/,Regina Derieva,
http://evergreenreview.com/115/,Issue 115,115,2008,It Was A Tree That Saved Me,http://evergreenreview.com/read/it-was-a-tree-that-saved-me/,Robert M. Detman,
http://evergreenreview.com/115/,Issue 115,115,2008,Siege of Mountjoy,http://evergreenreview.com/read/siege-of-mountjoy/,Dennis Nurkse,
http://evergreenreview.com/115/,Issue 115,115,2008,Locker Room,http://evergreenreview.com/read/locker-room/,Judson Simmons,
http://evergreenreview.com/115/,Issue 115,115,2008,Hindsight,http://evergreenreview.com/read/hindsight/,John Hardoby,
http://evergreenreview.com/115/,Issue 115,115,2008,Religion Is As Religion Does,http://evergreenreview.com/read/religion-is-as-religion-does/,O.P. Sharma,
http://evergreenreview.com/115/,Issue 115,115,2008,The Last of the White Boys,http://evergreenreview.com/read/the-last-of-the-white-boys/,Lee R. Haven,
http://evergreenreview.com/115/,Issue 115,115,2008,Lady Death,http://evergreenreview.com/read/lady-death/,John Bennett,
http://evergreenreview.com/115/,Issue 115,115,2008,"Review: Eddie Woods, Tsunami of Love",http://evergreenreview.com/read/review-eddie-woods-tsunami-of-love/,Jim Feast,Review
http://evergreenreview.com/115/,Issue 115,115,2008,Review: How the Discovery of Sugar Produced the Romantic Era,http://evergreenreview.com/read/review-how-the-discovery-of-sugar-produced-the-romantic-era/,Jim Feast,Review
http://evergreenreview.com/115/,Issue 115,115,2008,Review: Upbeat: Nine Lives of a Musical Cat,http://evergreenreview.com/read/review-upbeat-nine-lives-of-a-musical-cat/,Jim Feast,Review
http://evergreenreview.com/115/,Issue 115,115,2008,Review: Scenes From East Hill Farm: Seasons With Allan Ginsberg,http://evergreenreview.com/read/review-scenes-from-east-hill-farm-seasons-with-allan-ginsberg/,"JF4, Jim Feast",Review
http://evergreenreview.com/115/,Issue 115,115,2008,Review: Maudie and Jane at the Living Theater,http://evergreenreview.com/read/review-maudie-and-jane-at-the-living-theater/,Jim Feast,Review
http://evergreenreview.com/116/,Issue 116,116,2008,The Vocation,http://evergreenreview.com/read/the-vocation/,David McGrath,
http://evergreenreview.com/116/,Issue 116,116,2008,Dusting Herself Off,http://evergreenreview.com/read/dusting-herself-off/,Ryan Rowe,
http://evergreenreview.com/116/,Issue 116,116,2008,Seventeen Sonnets by Shakespeare,http://evergreenreview.com/read/seventeen-sonnets-by-shakespeare/,Richard Milazzo,poetry
http://evergreenreview.com/116/,Issue 116,116,2008,Drunken Submarine,http://evergreenreview.com/read/drunken-submarine/,Valery Oisteanu,
http://evergreenreview.com/116/,Issue 116,116,2008,Excerpts: Words for Some Lost Reason,http://evergreenreview.com/read/excerpts-words-for-some-lost-reason/,Stan Adler,
http://evergreenreview.com/116/,Issue 116,116,2008,Underthings,http://evergreenreview.com/read/underthings/,Tantra Bensko,
http://evergreenreview.com/116/,Issue 116,116,2008,See Through,http://evergreenreview.com/read/see-through/,Tantra Bensko,
http://evergreenreview.com/116/,Issue 116,116,2008,Joined at the Neck,http://evergreenreview.com/read/joined-at-the-neck/,Tantra Bensko,
http://evergreenreview.com/116/,Issue 116,116,2008,"Brooklyn, First Spring",http://evergreenreview.com/read/brooklyn-first-spring/,Mia Yun,
http://evergreenreview.com/116/,Issue 116,116,2008,Haitian Joy,http://evergreenreview.com/read/haitian-joy/,Michael Maggiotto,
http://evergreenreview.com/116/,Issue 116,116,2008,A Samuel Beckett Happening,http://evergreenreview.com/read/a-samuel-beckett-happening/,Charles H. Winecoff,
http://evergreenreview.com/116/,Issue 116,116,2008,Poems from Stuyvesant Bee,http://evergreenreview.com/read/poems-from-stuyvesant-bee/,Mike Topp,poetry
http://evergreenreview.com/116/,Issue 116,116,2008,Review: The Risk of Infidelity Index,http://evergreenreview.com/read/review-the-risk-of-infidelity-index/,Jim Feast,review
http://evergreenreview.com/116/,Issue 116,116,2008,Review: Living Carelessly in Tokyo and Elsewhere: A Memoir,http://evergreenreview.com/read/review-living-carelessly-in-tokyo-and-elsewhere-a-memoir/,Jim Feast,review
http://evergreenreview.com/116/,Issue 116,116,2008,Review: Torture and the Twilight of Empire,http://evergreenreview.com/read/review-torture-and-the-twilight-of-empire/,Clara Ponce De Leon,review
http://evergreenreview.com/116/,Issue 116,116,2008,Evergreen Review News,http://evergreenreview.com/read/evergreen-review-news/,Evergreen Review,news
http://evergreenreview.com/116/,Issue 116,116,2008,"NPR Podcast: For Publisher Barney Rosset, Risk Has It’s Rewards",http://evergreenreview.com/read/npr-podcast-for-publisher-barney-rosset-risk-has-its-rewards/,NPR - Fresh Air,podcast
http://evergreenreview.com/116/,Issue 116,116,2008,Podcast: The Leonard Lopate Show Free Speech Defenders,http://evergreenreview.com/read/podcast-the-leonard-lopate-show-free-speech-defenders/,Leonard Lopate,podcast
http://evergreenreview.com/117/,Issue 117,117,February 2009,Tahir Jalil Habbush Al-Tikriti (J♦),http://evergreenreview.com/read/tahir-jalil-habbush-al-tikriti-j/,Jeff Encke,
http://evergreenreview.com/117/,Issue 117,117,February 2009,The Republic of Windows and Doors,http://evergreenreview.com/read/the-republic-of-windows-and-doors/,Richard Cummings,
http://evergreenreview.com/117/,Issue 117,117,February 2009,American Pastoral,http://evergreenreview.com/read/american-pastoral/,Robert Gibbons,
http://evergreenreview.com/117/,Issue 117,117,February 2009,Margaret,http://evergreenreview.com/read/margaret/,H. Edward Fool,
http://evergreenreview.com/117/,Issue 117,117,February 2009,When Mothers Talk,http://evergreenreview.com/read/when-mothers-talk/,David George,
http://evergreenreview.com/117/,Issue 117,117,February 2009,Index Patient,http://evergreenreview.com/read/index-patient/,Karl Taro Greenfield,
http://evergreenreview.com/117/,Issue 117,117,February 2009,Indian Summer,http://evergreenreview.com/read/indian-summer/,Nick Sweet,
http://evergreenreview.com/117/,Issue 117,117,February 2009,‘Caned and Disabled,http://evergreenreview.com/read/caned-and-disabled/,Russell Bittner,
http://evergreenreview.com/117/,Issue 117,117,February 2009,Fur Rondy,http://evergreenreview.com/read/fur-rondy/,Jeannette Allee,
http://evergreenreview.com/117/,Issue 117,117,February 2009,Saudade & L’enigme du desir,http://evergreenreview.com/read/saudade/,Paul Amlehn,
http://evergreenreview.com/117/,Issue 117,117,February 2009,Vast Enigma,http://evergreenreview.com/read/vast-enigma/,Jesse Weiner,
http://evergreenreview.com/117/,Issue 117,117,February 2009,The Color of Wild Animals,http://evergreenreview.com/read/the-color-of-wild-animals/,Robin Crane,
http://evergreenreview.com/117/,Issue 117,117,February 2009,Old Bike,http://evergreenreview.com/read/old-bike/,Jackie Blackman,
http://evergreenreview.com/117/,Issue 117,117,February 2009,Mostly Unavailable,http://evergreenreview.com/read/mostly-unavailable/,Valery Oisteanu,
http://evergreenreview.com/117/,Issue 117,117,February 2009,Red Review,http://evergreenreview.com/read/red-review/,Stan Adler,
http://evergreenreview.com/117/,Issue 117,117,February 2009,Fear and Loathing at the Typewriter,http://evergreenreview.com/read/fear-and-loathing-at-the-typewriter/,Steve De France,
http://evergreenreview.com/117/,Issue 117,117,February 2009,Turned to Sympathy,http://evergreenreview.com/read/turned-to-sympathy/,James L. Smith,
http://evergreenreview.com/117/,Issue 117,117,February 2009,To Bukowski,http://evergreenreview.com/read/to-bukowski/,Gabrielle Myers,
http://evergreenreview.com/117/,Issue 117,117,February 2009,Skin on Skin,http://evergreenreview.com/read/skin-on-skin/,Amanda Halkoutis,
http://evergreenreview.com/117/,Issue 117,117,February 2009,Good Boy,http://evergreenreview.com/read/good-boy/,satnrose,
http://evergreenreview.com/117/,Issue 117,117,February 2009,The Connection at The Living Theatre,http://evergreenreview.com/read/the-connection-at-the-living-theatre/,Jim Feast,Essay
http://evergreenreview.com/117/,Issue 117,117,February 2009,The SNFE & The Americano,http://evergreenreview.com/read/essay-the-snfe-the-americano/,Richard Cummings,Essay
http://evergreenreview.com/117/,Issue 117,117,February 2009,Stuyvesant Bee #72,http://evergreenreview.com/read/stuyvesant-bee-72/,Mike Topp,
http://evergreenreview.com/117/,Issue 117,117,February 2009,Angels and Ages,http://evergreenreview.com/read/review-angels-and-ages/,Kevin J. Hayes,Review
http://evergreenreview.com/117/,Issue 117,117,February 2009,The 46th New York Film Festival,http://evergreenreview.com/read/review-the-46th-new-york-film-festival/,Matt Peterson,Review
http://evergreenreview.com/117/,Issue 117,117,February 2009,Beyond Time,http://evergreenreview.com/read/review-beyond-time/,Jim Feast,Review
http://evergreenreview.com/117/,Issue 117,117,February 2009,Learning to Draw / A History: In the Field,http://evergreenreview.com/read/review-learning-to-draw-a-history-in-the-field/,Jim Feast,Review
http://evergreenreview.com/117/,Issue 117,117,February 2009,Arrivederci Modernismo,http://evergreenreview.com/read/review-arrivederci-modernismo/,Jim Feast,Review
http://evergreenreview.com/118/,Issue 118,118,June 2009,Parking,http://evergreenreview.com/read/parking/,Carmen Firan,
http://evergreenreview.com/118/,Issue 118,118,June 2009,Tales From the Old East Village Bathroom Stalls,http://evergreenreview.com/read/tales-from-the-old-east-village-bathroom-stalls/,Andrew Huebner,
http://evergreenreview.com/118/,Issue 118,118,June 2009,Illumination,http://evergreenreview.com/read/illumination/,Liz Reich,
http://evergreenreview.com/118/,Issue 118,118,June 2009,A Slave’s Story,http://evergreenreview.com/read/a-slaves-story/,Nick Sweet,
http://evergreenreview.com/118/,Issue 118,118,June 2009,Alaska and Hawaii,http://evergreenreview.com/read/alaska-and-hawaii/,Nancy Lynn Weber,
http://evergreenreview.com/118/,Issue 118,118,June 2009,The Russian,http://evergreenreview.com/read/the-russian/,Adrian West,
http://evergreenreview.com/118/,Issue 118,118,June 2009,Diamonds Are a Girl’s Best Friend,http://evergreenreview.com/read/diamonds-are-a-girls-best-friend/,Marvin Cotlar,
http://evergreenreview.com/118/,Issue 118,118,June 2009,Henry Morton Stanley’s Turkish Adventure,http://evergreenreview.com/read/henry-morton-stanleys-turkish-adventure/,William Bryant,
http://evergreenreview.com/118/,Issue 118,118,June 2009,Ursule Molinaro’s Shoes,http://evergreenreview.com/read/ursule-molinaros-shoes/,Barbara Foster,
http://evergreenreview.com/118/,Issue 118,118,June 2009,The Dead and the Powerless,http://evergreenreview.com/read/the-dead-and-the-powerless/,Richard Cummings,
http://evergreenreview.com/118/,Issue 118,118,June 2009,Fix,http://evergreenreview.com/read/fix/,Brian Campbell,
http://evergreenreview.com/118/,Issue 118,118,June 2009,Spent Some Time with Lorca in New York,http://evergreenreview.com/read/spent-some-time-with-lorca-in-new-york/,Robert Gibbons,
http://evergreenreview.com/118/,Issue 118,118,June 2009,Between the Tiles,http://evergreenreview.com/read/between-the-tiles/,Matthew Guenette,
http://evergreenreview.com/118/,Issue 118,118,June 2009,Why Am I So Lazy?,http://evergreenreview.com/read/why-am-i-so-lazy/,Paul Kavanagh,
http://evergreenreview.com/118/,Issue 118,118,June 2009,Blossoming Sutras Dedicated To Displaced Nuns,http://evergreenreview.com/read/blossoming-sutras-dedicated-to-displaced-nuns/,Tim Keane,
http://evergreenreview.com/118/,Issue 118,118,June 2009,Fugue: Assassins and the Dead,http://evergreenreview.com/read/fugue-assassins-and-the-dead/,Clif Mason,
http://evergreenreview.com/118/,Issue 118,118,June 2009,Gypsies at Auschwitz,http://evergreenreview.com/read/gypsies-at-auschwitz/,Clif Mason,
http://evergreenreview.com/118/,Issue 118,118,June 2009,Private Significance,http://evergreenreview.com/read/private-significance/,Alistair Quietsch,
http://evergreenreview.com/118/,Issue 118,118,June 2009,Congratulations! You have just won a Surprise Vacation to the bowels of your unconscious self,http://evergreenreview.com/read/congratulations-you-have-just-won-a-surprise-vacation-to-the-bowels-of-your-unconscious-self/,Benjamin Schmitt,
http://evergreenreview.com/118/,Issue 118,118,June 2009,Manifesto,http://evergreenreview.com/read/manifesto/,Joe Wilkins,
http://evergreenreview.com/118/,Issue 118,118,June 2009,A Burden,http://evergreenreview.com/read/a-burden/,Jerry Williams,
http://evergreenreview.com/118/,Issue 118,118,June 2009,Judith Malina and Amsterdam’s Anarchist Provo,http://evergreenreview.com/read/judith-malina-and-amsterdams-anarchist-provo/,Aaron Lake Smith and Zane Grant,
http://evergreenreview.com/118/,Issue 118,118,June 2009,Days of the Commune,http://evergreenreview.com/read/days-of-the-commune/,Jacob Collins,
http://evergreenreview.com/118/,Issue 118,118,June 2009,Review: Mourior by Breyten Breytenbach,http://evergreenreview.com/read/review-mourior-by-breyten-breytenbach/,Jim Feast,Review
http://evergreenreview.com/118/,Issue 118,118,June 2009,Review: You Are Here by Donald Breckenridge,http://evergreenreview.com/read/review-you-are-here-by-donald-breckenridge/,Jim Feast,Review
http://evergreenreview.com/118/,Issue 118,118,June 2009,Review: America: A History in Verse by Edward Sanders,http://evergreenreview.com/read/review-america-a-history-in-verse-by-edward-sanders/,Jim Feast,Review
http://evergreenreview.com/118/,Issue 118,118,June 2009,The Intellectual Life,http://evergreenreview.com/read/the-intellectual-life/,Kevin J. Hayes,
http://evergreenreview.com/119/,Issue 119,119,August 2009,Two-Fifty,http://evergreenreview.com/read/two-fifty/,Wendy Ashlee Coleman,short story
http://evergreenreview.com/119/,Issue 119,119,August 2009,Setting Fire to Sleeping Giants,http://evergreenreview.com/read/setting-fire-to-sleeping-giants/,Rich Mallery,
http://evergreenreview.com/119/,Issue 119,119,August 2009,Tower Six,http://evergreenreview.com/read/tower-six/,Brian Van Reet,fiction
http://evergreenreview.com/119/,Issue 119,119,August 2009,Hearing Nina Simone,http://evergreenreview.com/read/hearing-nina-simone/,Andrew McCarron,
http://evergreenreview.com/119/,Issue 119,119,August 2009,Antipasto à gogo,http://evergreenreview.com/read/antipasto-a-gogo/,klipschutz,
http://evergreenreview.com/119/,Issue 119,119,August 2009,Morning becomes office à gogo,http://evergreenreview.com/read/morning-becomes-office-a-gogo/,klipschutz,
http://evergreenreview.com/119/,Issue 119,119,August 2009,Letter to the Editor,http://evergreenreview.com/read/letter-to-the-editor-2/,klipschutz,
http://evergreenreview.com/119/,Issue 119,119,August 2009,The trial of [redacted],http://evergreenreview.com/read/the-trial-of-redacted/,klipschutz,
http://evergreenreview.com/119/,Issue 119,119,August 2009,Skiing,http://evergreenreview.com/read/skiing/,Barbara Flug Colin,
http://evergreenreview.com/119/,Issue 119,119,August 2009,Poetic Template for Introducing a Featured Bard,http://evergreenreview.com/read/poetic-template/,David Alpaugh,
http://evergreenreview.com/119/,Issue 119,119,August 2009,"In the Heart, a Pale Green Horse",http://evergreenreview.com/read/in-the-heart-a-pale-green-horse/,Donavon Davidson,
http://evergreenreview.com/119/,Issue 119,119,August 2009,Where the Telephone Lines Go,http://evergreenreview.com/read/where-the-telephone-lines-go/,Grayson Stocks,
http://evergreenreview.com/119/,Issue 119,119,August 2009,Embers (A Play for Radio),http://evergreenreview.com/read/embers-a-play-for-radio/,Samuel Beckett,play
http://evergreenreview.com/119/,Issue 119,119,August 2009,The Day Before I Died,http://evergreenreview.com/read/the-day-before-i-died/,Jennifer Juneau,
http://evergreenreview.com/119/,Issue 119,119,August 2009,Baby Doll,http://evergreenreview.com/read/baby-doll/,Kathryn Savage,
http://evergreenreview.com/119/,Issue 119,119,August 2009,Cover Band,http://evergreenreview.com/read/cover-band/,Kristie Betts Letter,
http://evergreenreview.com/119/,Issue 119,119,August 2009,Queen Me,http://evergreenreview.com/read/queen-me/,A Tyus-Barnwell,
http://evergreenreview.com/119/,Issue 119,119,August 2009,Dropped Pianos Erupt!,http://evergreenreview.com/read/dropped-pianos-erupt/,Siobhan Webb,
http://evergreenreview.com/119/,Issue 119,119,August 2009,In Defence Of The Freedom To Read,http://evergreenreview.com/read/in-defence-of-the-freedom-to-read/,Henry Miller,
http://evergreenreview.com/119/,Issue 119,119,August 2009,Troubles With God,http://evergreenreview.com/read/troubles-with-god/,Michael Ernest Sweet,
http://evergreenreview.com/119/,Issue 119,119,August 2009,My Life,http://evergreenreview.com/read/my-life/,Michael Ernest Sweet,
http://evergreenreview.com/119/,Issue 119,119,August 2009,Nobody Knows,http://evergreenreview.com/read/nobody-knows/,Lee Stern,
http://evergreenreview.com/119/,Issue 119,119,August 2009,Thanksgiving 2003,http://evergreenreview.com/read/thanksgiving-2003/,Hiromi Yoshida,
http://evergreenreview.com/119/,Issue 119,119,August 2009,Sweet Cesspool,http://evergreenreview.com/read/sweet-cesspool/,Michael Brandonisio,
http://evergreenreview.com/119/,Issue 119,119,August 2009,The Second Coming,http://evergreenreview.com/read/the-second-coming/,Matt Jasper,
http://evergreenreview.com/119/,Issue 119,119,August 2009,Review: SATCHMO: The Wonderful World and Art of Louis Armstrong,http://evergreenreview.com/read/review-satchmo/,Rami Shamir,review
http://evergreenreview.com/119/,Issue 119,119,August 2009,Review: The Worst Book I Ever Read,http://evergreenreview.com/read/review-the-worst-book-i-ever-read/,Anitta Santiago,review
http://evergreenreview.com/119/,Issue 119,119,August 2009,Review: Special Laughter,http://evergreenreview.com/read/review-special-laughter/,Jim Feast,review
http://evergreenreview.com/119/,Issue 119,119,August 2009,Review: Tire Grabbers,http://evergreenreview.com/read/review-tire-grabbers/,Jim Feast,review
http://evergreenreview.com/120/,Issue 120,120,October 2009,The Electronic Book Burning,http://evergreenreview.com/the-electronic-book-burning/,Alan Kaufman,
http://evergreenreview.com/120/,Issue 120,120,October 2009,Handguns,http://evergreenreview.com/read/handguns/,Willie Smith,
http://evergreenreview.com/120/,Issue 120,120,October 2009,Saigon,http://evergreenreview.com/read/saigon/,Richard Milazzo,
http://evergreenreview.com/120/,Issue 120,120,October 2009,Cambodia,http://evergreenreview.com/read/cambodia/,Richard Milazzo,
http://evergreenreview.com/120/,Issue 120,120,October 2009,The Green Lantern,http://evergreenreview.com/read/the-green-lantern/,Richard Milazzo,
http://evergreenreview.com/120/,Issue 120,120,October 2009,Smoke of Radical Agressiveness,http://evergreenreview.com/read/smoke-of-radical-agressiveness/,Valery Oisteanu,
http://evergreenreview.com/120/,Issue 120,120,October 2009,Imagination Is More Important Than Knowledge,http://evergreenreview.com/read/imagination-is-more-important-than-knowledge/,Ed Baker,
http://evergreenreview.com/120/,Issue 120,120,October 2009,O’Hara at the Beach,http://evergreenreview.com/read/ohara-at-the-beach/,Christopher Crawford,
http://evergreenreview.com/120/,Issue 120,120,October 2009,Four Cartoons,http://evergreenreview.com/read/four-cartoons/,"Ami, R. Rewal",
http://evergreenreview.com/120/,Issue 120,120,October 2009,"Ladies and Gentlemen, Paris Records",http://evergreenreview.com/read/ladies-and-gentlemen-paris-records/,Ethan Persoff,
http://evergreenreview.com/120/,Issue 120,120,October 2009,Angel Solo,http://evergreenreview.com/read/angel-solo/,Stan Adler,
http://evergreenreview.com/120/,Issue 120,120,October 2009,A Funny Thing About Surveillance,http://evergreenreview.com/read/a-funny-thing-about-surveillance/,Graham Cotten,
http://evergreenreview.com/120/,Issue 120,120,October 2009,Jack Daniel’s,http://evergreenreview.com/read/jack-daniels/,Bonny Finberg,
http://evergreenreview.com/120/,Issue 120,120,October 2009,The Most Expensive Restaurant Ever Built,http://evergreenreview.com/read/the-most-expensive-restaurant-ever-built/,B.H. Friedman,
http://evergreenreview.com/120/,Issue 120,120,October 2009,Coughing in October,http://evergreenreview.com/read/coughing-in-october/,Sumita Dutta,
http://evergreenreview.com/120/,Issue 120,120,October 2009,Super Heroes and Speed,http://evergreenreview.com/read/super-heroes-and-speed/,Jason Hardung,
http://evergreenreview.com/120/,Issue 120,120,October 2009,A Study of Color,http://evergreenreview.com/read/a-study-of-color/,Andrei Guruianu,
http://evergreenreview.com/120/,Issue 120,120,October 2009,The Sedan of Life,http://evergreenreview.com/read/the-sedan-of-life/,Doug Theile,
http://evergreenreview.com/120/,Issue 120,120,October 2009,For Ken,http://evergreenreview.com/read/for-ken/,M.J. Pattee,
http://evergreenreview.com/120/,Issue 120,120,October 2009,The Siren Post,http://evergreenreview.com/read/the-siren-post/,Kathleen Wright,
http://evergreenreview.com/120/,Issue 120,120,October 2009,In The Province,http://evergreenreview.com/read/in-the-province/,Alan Kaufman,
http://evergreenreview.com/120/,Issue 120,120,October 2009,Fight Like a Man,http://evergreenreview.com/read/fight-like-a-man/,Christine Granados,
http://evergreenreview.com/120/,Issue 120,120,October 2009,Excerpt from the novel Revolution,http://evergreenreview.com/read/excerpt-from-the-novel-revolution/,Abbot Street,novel excerpt
http://evergreenreview.com/120/,Issue 120,120,October 2009,"Stuyvesant Bee, Volume 1 Number 79",http://evergreenreview.com/read/stuyvesant-bee-volume-1-number-79/,Mike Topp,
http://evergreenreview.com/120/,Issue 120,120,October 2009,Review: Natural Light,http://evergreenreview.com/read/review-natural-light/,Jim Feast,review
http://evergreenreview.com/120/,Issue 120,120,October 2009,Review: Travels Inside the Archive,http://evergreenreview.com/read/review-travels-inside-the-archive/,Jim Feast,review
http://evergreenreview.com/120/,Issue 120,120,October 2009,Review: Making the Grades,http://evergreenreview.com/read/review-making-grades/,Jim Feast,review
http://evergreenreview.com/121/,Issue 121,121,December 2009,A Night of Serious Drinking,http://evergreenreview.com/read/a-night-of-serious-drinking/,Paul Kavanagh,
http://evergreenreview.com/121/,Issue 121,121,December 2009,The Findings,http://evergreenreview.com/read/the-findings/,Francis Levy,
http://evergreenreview.com/121/,Issue 121,121,December 2009,Romantic Circus Songs,http://evergreenreview.com/read/romantic-circus-songs/,Lisa Marie Brodsky,
http://evergreenreview.com/121/,Issue 121,121,December 2009,Wounded,http://evergreenreview.com/read/wounded/,Andrew Vogel,
http://evergreenreview.com/121/,Issue 121,121,December 2009,The Wizzards,http://evergreenreview.com/read/the-wizzards/,Don Shields,
http://evergreenreview.com/121/,Issue 121,121,December 2009,Exodus Redux,http://evergreenreview.com/read/exodus-redux/,David Comfort,
http://evergreenreview.com/121/,Issue 121,121,December 2009,The Economakis Affair,http://evergreenreview.com/read/the-economakis-affair/,Clayton Patterson,
http://evergreenreview.com/121/,Issue 121,121,December 2009,The Cuban Revolution at 50: Socialism or Cell Phones,http://evergreenreview.com/read/the-cuban-revolution-at-50-socialism-or-cell-phones/,Peter Werbe,
http://evergreenreview.com/121/,Issue 121,121,December 2009,The Funeral,http://evergreenreview.com/read/the-funeral/,Keith S. Wilson,
http://evergreenreview.com/121/,Issue 121,121,December 2009,Hugs in the Land of the Free,http://evergreenreview.com/read/hugs-in-the-land-of-the-free/,Brian Beatty,
http://evergreenreview.com/121/,Issue 121,121,December 2009,A Day Spent in Hell,http://evergreenreview.com/read/a-day-spent-in-hell/,Ethan Persoff,
http://evergreenreview.com/121/,Issue 121,121,December 2009,Hi-Tech Taliban,http://evergreenreview.com/read/hi-tech-taliban/,Alan Kaufman,
http://evergreenreview.com/121/,Issue 121,121,December 2009,Link: Print Magazine on Evergreen Review,http://evergreenreview.com/read/link-print-magazine-on-evergreen-review/,Steven Heller,Link
http://evergreenreview.com/121/,Issue 121,121,December 2009,Link: An e-Book Buyer’s Guide to Privacy by the Electronic Frontier Foundation (EFF),http://evergreenreview.com/read/link-an-e-book-buyers-guide-to-privacy-by-the-electronic-frontier-foundation-eff/,Ed Bayley,Link
http://evergreenreview.com/121/,Issue 121,121,December 2009,Seeing Freedom in Print,http://evergreenreview.com/read/seeing-freedom-in-print/,Robert Gibbons,
http://evergreenreview.com/121/,Issue 121,121,December 2009,Stuyvesant Bee #82,http://evergreenreview.com/read/stuyvesant-bee-82/,Mike Topp,
http://evergreenreview.com/121/,Issue 121,121,December 2009,Hunnan and Yunnan,http://evergreenreview.com/read/visiting-hunnan-and-yunnan-2009/,"Jim Feast, Nhi Chung",
http://evergreenreview.com/121/,Issue 121,121,December 2009,Sam Didn’t Like Bach,http://evergreenreview.com/read/sam-didnt-like-bach/,Bettina Jonic,
http://evergreenreview.com/121/,Issue 121,121,December 2009,Fashionably Fascist,http://evergreenreview.com/read/fashionably-fascist/,Jim Reed,
http://evergreenreview.com/121/,Issue 121,121,December 2009,Untitled (December 54),http://evergreenreview.com/read/untitled-december-54/,Mason Hoffenberg,
http://evergreenreview.com/121/,Issue 121,121,December 2009,Catholic Child,http://evergreenreview.com/read/catholic-child/,Aedan Cagney,
http://evergreenreview.com/121/,Issue 121,121,December 2009,Review: Naked Lunch @ 50,http://evergreenreview.com/read/review-naked-lunch-50/,Rami Shamir,Review
http://evergreenreview.com/121/,Issue 121,121,December 2009,Review: Questioning the Veil,http://evergreenreview.com/read/review-questioning-the-veil/,Hester Eisenstein,Review
http://evergreenreview.com/121/,Issue 121,121,December 2009,Review: The Second Kingdom,http://evergreenreview.com/read/review-the-second-kingdom/,Jim Feast,Review
http://evergreenreview.com/121/,Issue 121,121,December 2009,Review: Beats at Naropa,http://evergreenreview.com/read/review-beats-at-naropa/,Jim Feast,Review
http://evergreenreview.com/121/,Issue 121,121,December 2009,Review: Doctor Pluss & Collected Poems,http://evergreenreview.com/read/review-doctor-pluss-collected-poems/,Jim Feast,Review
http://evergreenreview.com/122/,Issue 122,122,March 2010,An Interview with Robert Motherwell,http://evergreenreview.com/read/an-interview-with-robert-motherwell/,Barbara Flug Colin,interview
http://evergreenreview.com/122/,Issue 122,122,March 2010,The Last Fortune Teller of Chicago,http://evergreenreview.com/read/the-last-fortune-teller-of-chicago/,John Buckley and Martin Ott,
http://evergreenreview.com/122/,Issue 122,122,March 2010,Unexpected Poem 1 & 2,http://evergreenreview.com/read/unexpected-poem-1-2/,Arjuna Neuman,poem
http://evergreenreview.com/122/,Issue 122,122,March 2010,The Savages in the Suburbs,http://evergreenreview.com/read/the-savages-in-the-suburbs/,Sjohnna Bruce McCray,
http://evergreenreview.com/122/,Issue 122,122,March 2010,Rue Samuel Beckett,http://evergreenreview.com/read/rue-samuel-beckett/,Marek Kędzierski,
http://evergreenreview.com/122/,Issue 122,122,March 2010,Like Kissing an Atomic Bomb,http://evergreenreview.com/read/like-kissing-an-atomic-bomb/,Rich Mallery,
http://evergreenreview.com/122/,Issue 122,122,March 2010,An American Dream,http://evergreenreview.com/read/an-american-dream/,John Thornton,
http://evergreenreview.com/122/,Issue 122,122,March 2010,“40” (Parts 1 – 8),http://evergreenreview.com/read/40-parts-1-8/,Stan Adler and Brad Brown,
http://evergreenreview.com/122/,Issue 122,122,March 2010,"Stuyvesant Bee Vol. 1, #84",http://evergreenreview.com/read/stuyvesant-bee-vol-1-84/,Mike Topp,
http://evergreenreview.com/122/,Issue 122,122,March 2010,David & Goliath,http://evergreenreview.com/read/david-goliath/,John Bennett,
http://evergreenreview.com/122/,Issue 122,122,March 2010,Neither Going Nor Coming (Kismet),http://evergreenreview.com/read/neither-going-nor-coming-kismet/,Laura Manuelidis,
http://evergreenreview.com/122/,Issue 122,122,March 2010,Kala Mone,http://evergreenreview.com/read/kala-mone/,Matthew Dickens,
http://evergreenreview.com/122/,Issue 122,122,March 2010,Round and Round,http://evergreenreview.com/read/round-and-round/,Yotam Hadass,
http://evergreenreview.com/122/,Issue 122,122,March 2010,"Review: Conjuctions 53, Not Even Past",http://evergreenreview.com/read/review-conjuctions-53-not-even-past/,Jim Feast,review
http://evergreenreview.com/122/,Issue 122,122,March 2010,Home Ice,http://evergreenreview.com/read/home-ice/,Greg Hittelman,
http://evergreenreview.com/122/,Issue 122,122,March 2010,Understanding Zowie,http://evergreenreview.com/read/understanding-zowie/,Russell Hoover,
http://evergreenreview.com/122/,Issue 122,122,March 2010,#1 / #2 / #3 / #4 / #5,http://evergreenreview.com/read/1-2-3-4-5/,Adam Moorad,
http://evergreenreview.com/122/,Issue 122,122,March 2010,*/Flash Poetry/*,http://evergreenreview.com/read/flash-poetry/,Ron Singer,poetry
http://evergreenreview.com/122/,Issue 122,122,March 2010,Barney Rosset in Conversation with Michael March,http://evergreenreview.com/read/barney-rosset-in-conversation-with-michael-march/,Barney Rosset and Michael March,
http://evergreenreview.com/122/,Issue 122,122,March 2010,Black Ice In Bright Sun: A Rehistory,http://evergreenreview.com/read/black-ice-in-bright-sun-a-rehistory/,Tom LaMarr,
http://evergreenreview.com/123/,Issue 123,123,June 2010,A Nightmare in the Stone Forest,http://evergreenreview.com/read/a-nightmare-in-the-stone-forest/,Barney Rosset,
http://evergreenreview.com/123/,Issue 123,123,June 2010,Hunan and Yunnan Part 2: Nightmare and Emporium,http://evergreenreview.com/read/hunan-and-yunnan-2/,Jim Feast,
http://evergreenreview.com/123/,Issue 123,123,June 2010,Bye Bye Blackbird,http://evergreenreview.com/read/bye-bye-blackbird/,Jerry Tallmer,
http://evergreenreview.com/123/,Issue 123,123,June 2010,Cannons and Slippers,http://evergreenreview.com/read/cannons-and-slippers/,Zoya Marincheva,
http://evergreenreview.com/123/,Issue 123,123,June 2010,Dogwood,http://evergreenreview.com/read/dogwood/,Joshua Banta,
http://evergreenreview.com/123/,Issue 123,123,June 2010,String Theory,http://evergreenreview.com/read/string-theory/,Grace Andreacchi,
http://evergreenreview.com/123/,Issue 123,123,June 2010,The Light Ascending,http://evergreenreview.com/read/the-light-ascending/,Aashish Kaul,
http://evergreenreview.com/123/,Issue 123,123,June 2010,Ten Dawns,http://evergreenreview.com/read/ten-dawns/,Aaron Lake Smith,
http://evergreenreview.com/123/,Issue 123,123,June 2010,Viewing Art from Inside Iran,http://evergreenreview.com/read/viewing-art-from-inside-iran/,Robert C. Morgan,
http://evergreenreview.com/123/,Issue 123,123,June 2010,A Visit to Westcliff Flats,http://evergreenreview.com/read/a-visit-to-westcliff-flats/,Ron Singer,
http://evergreenreview.com/123/,Issue 123,123,June 2010,The Wolves are at the Door and All I Have to Wear is This Sheepskin Jacket,http://evergreenreview.com/read/the-wolves-are-at-the-door-and-all-i-have-to-wear-is-this-sheepskin-jacket/,Karl Koweski,
http://evergreenreview.com/123/,Issue 123,123,June 2010,"Voices / Rainman / Red, Green, Blue Man",http://evergreenreview.com/read/voices-rainman-red-green-blue-man/,Roger Camp,
http://evergreenreview.com/123/,Issue 123,123,June 2010,Waiting for Louis,http://evergreenreview.com/read/waiting-for-louis/,Jason Hardung,
http://evergreenreview.com/123/,Issue 123,123,June 2010,Report from the Shepherdsville Ultimate Fighting Championship,http://evergreenreview.com/read/report-from-the-shepherdsville-ultimate-fighting-championship/,John Branscum,
http://evergreenreview.com/123/,Issue 123,123,June 2010,Holy Roller,http://evergreenreview.com/read/holy-roller/,Mark Lyons,
http://evergreenreview.com/123/,Issue 123,123,June 2010,Drizzle,http://evergreenreview.com/read/drizzle/,John Grey,
http://evergreenreview.com/123/,Issue 123,123,June 2010,Shiver Tree,http://evergreenreview.com/read/shiver-tree/,Gabriella Forrest,
http://evergreenreview.com/123/,Issue 123,123,June 2010,Remembering What it Was Like to Be Seventeen,http://evergreenreview.com/read/remembering-what-it-was-like-to-be-seventeen/,Chavisa Woods,
http://evergreenreview.com/123/,Issue 123,123,June 2010,When She Danced,http://evergreenreview.com/read/when-she-danced/,Michael March,
http://evergreenreview.com/123/,Issue 123,123,June 2010,The Erotic,http://evergreenreview.com/read/the-erotic/,Kevin Ducey,
http://evergreenreview.com/123/,Issue 123,123,June 2010,The Dark Room,http://evergreenreview.com/read/the-dark-room/,Andrea D'Urso,
http://evergreenreview.com/123/,Issue 123,123,June 2010,Dead Poets Submission Service,http://evergreenreview.com/read/dead-poets-submission-service/,Evan Lavender-Smith,
http://evergreenreview.com/123/,Issue 123,123,June 2010,Stuyvesant Bee #88,http://evergreenreview.com/read/stuyvesant-bee88/,Mike Topp,
http://evergreenreview.com/123/,Issue 123,123,June 2010,He Who Paid for His Freedom,http://evergreenreview.com/read/he-who-paid-for-his-freedom/,Aaron James,
http://evergreenreview.com/123/,Issue 123,123,June 2010,The Greek Diner,http://evergreenreview.com/read/the-greek-diner/,Patrick Walsh,
http://evergreenreview.com/123/,Issue 123,123,June 2010,Bad Dream,http://evergreenreview.com/read/bad-dream/,Justin Wade Thompson,
http://evergreenreview.com/123/,Issue 123,123,June 2010,I LIKE KEWPIE MAYONNAISE IN MY OKONOMI-YAKI,http://evergreenreview.com/read/i-like-kewpie-mayonnaise-in-my-okonomi-yaki/,Ricky Garni,
http://evergreenreview.com/123/,Issue 123,123,June 2010,Review: Drive By: Shards & Poems,http://evergreenreview.com/read/review-drive-by-shards-poems/,Jim Feast,Review
http://evergreenreview.com/123/,Issue 123,123,June 2010,Review: Perks in Purgatory,http://evergreenreview.com/read/review-perks-in-purgatory/,Jim Feast,Review
http://evergreenreview.com/123/,Issue 123,123,June 2010,Review: Eros Descending,http://evergreenreview.com/read/review-eros-descending/,Jim Feast,Review
http://evergreenreview.com/124/,Issue 124,124,September 2010,The Bangkok Night,http://evergreenreview.com/read/the-bangkok-night/,Chris Coles,
http://evergreenreview.com/124/,Issue 124,124,September 2010,101 Ways To Make Love,http://evergreenreview.com/read/101-ways-to-make-love/,Tuli Kupferberg,
http://evergreenreview.com/124/,Issue 124,124,September 2010,The New San Francisco Poetry Underground: Part 1 of 3 Introduction,http://evergreenreview.com/read/the-new-san-francisco-poetry-underground-part-1-of-3-introduction/,Alan Kaufman,Poetry
http://evergreenreview.com/124/,Issue 124,124,September 2010,The New San Francisco Poetry Underground: Stellar Cassidy,http://evergreenreview.com/read/the-new-san-francisco-poetry-underground-stellar-cassidy/,Stellar Cassidy,Poetry
http://evergreenreview.com/124/,Issue 124,124,September 2010,The New San Francisco Poetry Underground: Shyeanne Powers,http://evergreenreview.com/read/the-new-san-francisco-poetry-underground-shyeanne-powers/,Shyeanne Powers,Poetry
http://evergreenreview.com/124/,Issue 124,124,September 2010,The New San Francisco Poetry Underground: Andrew Paul Nelson,http://evergreenreview.com/read/the-new-san-francisco-poetry-underground-andrew-paul-nelson/,Andrew Paul Nelson,Poetry
http://evergreenreview.com/124/,Issue 124,124,September 2010,The New San Francisco Poetry Underground: J. Brandon Loberg,http://evergreenreview.com/read/the-new-san-francisco-poetry-underground-j-brandon-loberg/,J. Brandon Loberg,Poetry
http://evergreenreview.com/124/,Issue 124,124,September 2010,The New San Francisco Poetry Underground: Nic Burrose,http://evergreenreview.com/read/the-new-san-francisco-poetry-underground-nic-burrose/,Nic Burrose,Poetry
http://evergreenreview.com/124/,Issue 124,124,September 2010,The New San Francisco Poetry Underground: Charlie Getter,http://evergreenreview.com/read/the-new-san-francisco-poetry-underground-charlie-getter/,Charlie Getter,Poetry
http://evergreenreview.com/124/,Issue 124,124,September 2010,Last Poem For Rudie,http://evergreenreview.com/read/last-poem-for-rudie/,Sally Henzell,Poem
http://evergreenreview.com/124/,Issue 124,124,September 2010,Shoes,http://evergreenreview.com/read/shoes/,Marc Petersen,
http://evergreenreview.com/124/,Issue 124,124,September 2010,Swallow,http://evergreenreview.com/read/swallow/,Chelsea Laine Wells,
http://evergreenreview.com/124/,Issue 124,124,September 2010,The Greatest Ex-Patriot Poet/Novelist of the Twenty-Firest Century,http://evergreenreview.com/read/the-greatest-ex-patriot-poetnovelist-of-the-twenty-firest-century/,Trevor J. Houser,
http://evergreenreview.com/124/,Issue 124,124,September 2010,The Lonely Diner,http://evergreenreview.com/read/the-lonely-diner/,Taylor Wood,
http://evergreenreview.com/124/,Issue 124,124,September 2010,“40” (Parts 9-16),http://evergreenreview.com/read/40-parts-9-16/,Stan Adler and Brad Brown,
http://evergreenreview.com/124/,Issue 124,124,September 2010,Morning and Night,http://evergreenreview.com/read/morning-and-night/,Jennifer Liou,
http://evergreenreview.com/124/,Issue 124,124,September 2010,"Safely Perhaps, The Alamo",http://evergreenreview.com/read/safely-perhaps-the-alamo/,Alistair Paterson,
http://evergreenreview.com/124/,Issue 124,124,September 2010,whoonga for dummies,http://evergreenreview.com/read/whoonga-for-dummies/,Aryan Kaganof,
http://evergreenreview.com/124/,Issue 124,124,September 2010,Salting Slugs,http://evergreenreview.com/read/salting-slugs/,Wendy Ashlee Coleman,
http://evergreenreview.com/124/,Issue 124,124,September 2010,The Theater of the Invisible,http://evergreenreview.com/read/the-theater-of-the-invisible/,Lucia Vincent,
http://evergreenreview.com/124/,Issue 124,124,September 2010,Untitled Vignettes,http://evergreenreview.com/read/untitled-vignettes/,Robert Smith,
http://evergreenreview.com/124/,Issue 124,124,September 2010,Stuyvesant Bee #88,http://evergreenreview.com/read/stuyvesant-bee-88/,Mike Topp,
http://evergreenreview.com/124/,Issue 124,124,September 2010,JAZZ: The LP Catalogue #19: The Achievement of Lee Konitz,http://evergreenreview.com/read/jazz-the-lp-catalogue-19-the-achievement-of-lee-konitz/,Harvey Pekar,
http://evergreenreview.com/124/,Issue 124,124,September 2010,Review: Fiona Sze-Lorrain’s Water the Moon,http://evergreenreview.com/read/review-fiona-sze-lorrains-water-the-moon/,Jim Feast,Review
http://evergreenreview.com/124/,Issue 124,124,September 2010,Review: Richard Milazzo’s Eastern Shadows,http://evergreenreview.com/read/review-richard-milazzos-eastern-shadows/,Jim Feast,Review
http://evergreenreview.com/125/,Issue 125,125,December 2010,The New San Francisco Underground: Part 2 of 3 Introduction,http://evergreenreview.com/read/the-new-san-francisco-poetry-underground-part-2-of-3-introduction/,Alan Kaufman,Introduction
http://evergreenreview.com/125/,Issue 125,125,December 2010,The New San Francisco Poetry Underground: Sam Sax,http://evergreenreview.com/read/the-new-san-francisco-poetry-underground-sam-sax/,Sam Sax,Poetry
http://evergreenreview.com/125/,Issue 125,125,December 2010,The New San Francisco Poetry Underground: Nic Alea,http://evergreenreview.com/read/the-new-san-francisco-poetry-underground-nic-alea/,Nic Alea,Poetry
http://evergreenreview.com/125/,Issue 125,125,December 2010,The New San Francisco Poetry Underground: Guinevere Q.,http://evergreenreview.com/read/the-new-san-francisco-poetry-underground-guinevere-q/,Guinevere Q.,Poetry
http://evergreenreview.com/125/,Issue 125,125,December 2010,The New San Francisco Poetry Underground: Ed Bowers,http://evergreenreview.com/read/the-new-san-francisco-poetry-underground-ed-bowers/,Ed Bowers,Poetry
http://evergreenreview.com/125/,Issue 125,125,December 2010,The New San Francisco Poetry Underground: Sean Taylor,http://evergreenreview.com/read/the-new-san-francisco-poetry-underground-sean-taylor/,Sean Taylor,Poetry
http://evergreenreview.com/125/,Issue 125,125,December 2010,The New San Francisco Poetry Underground: Pam Benjamin,http://evergreenreview.com/read/the-new-san-francisco-poetry-underground-pam-benjamin/,Pam Benjamin,Poetry
http://evergreenreview.com/125/,Issue 125,125,December 2010,In Search of the Radical Time Past,http://evergreenreview.com/read/in-search-of-the-radical-time-past/,Valery Oisteanu,
http://evergreenreview.com/125/,Issue 125,125,December 2010,The Age of Mediocrity,http://evergreenreview.com/read/the-age-of-mediocrity/,Leo Racicot,
http://evergreenreview.com/125/,Issue 125,125,December 2010,Riprap,http://evergreenreview.com/read/riprap/,Brandon Lingle,
http://evergreenreview.com/125/,Issue 125,125,December 2010,In Praise of the Heroe: His Earthbound Name was Joe DiMaggio,http://evergreenreview.com/read/in-praise-of-the-heroe/,Richard Cummings,
http://evergreenreview.com/125/,Issue 125,125,December 2010,Bad Boy for a Day: Riding out with the Soweto Electricity Crisis Committee,http://evergreenreview.com/read/bad-boy-for-a-day/,Ron Singer,
http://evergreenreview.com/125/,Issue 125,125,December 2010,Detained,http://evergreenreview.com/read/detained/,Dianna Calareso,
http://evergreenreview.com/125/,Issue 125,125,December 2010,When Lives Converge,http://evergreenreview.com/read/when-lives-converge/,Bob Bergin,
http://evergreenreview.com/125/,Issue 125,125,December 2010,72 Scars,http://evergreenreview.com/read/72-scars/,Danny Shot,
http://evergreenreview.com/125/,Issue 125,125,December 2010,Sidewalk,http://evergreenreview.com/read/sidewalk/,A.K. Benninghofen,
http://evergreenreview.com/125/,Issue 125,125,December 2010,In Search of Something Greater: Expulsion,http://evergreenreview.com/read/in-search-of-something-greater/,Tyler Garant,
http://evergreenreview.com/125/,Issue 125,125,December 2010,Eucharist,http://evergreenreview.com/read/eucharist/,Sagy Zwirn,
http://evergreenreview.com/125/,Issue 125,125,December 2010,Stuyvesant Bee #93,http://evergreenreview.com/read/stuyvesant-bee-93/,Mike Topp,
http://evergreenreview.com/125/,Issue 125,125,December 2010,Avatar: A Film in Which the Hatred of Life Is So Great It Is Nearly Unspeakable,http://evergreenreview.com/read/avatar-review/,Jim Feast,Review
http://evergreenreview.com/125/,Issue 125,125,December 2010,Review: Missing a Beat,http://evergreenreview.com/read/review-missing-a-beat/,Jim Feast,Review
http://evergreenreview.com/125/,Issue 125,125,December 2010,Review: Tarkovsky’s Horses and Other Poems,http://evergreenreview.com/read/review-tarkovskys-horses-and-other-poems/,Jim Feast,Review
http://evergreenreview.com/125/,Issue 125,125,December 2010,Review: The Abyss of Human Illusion,http://evergreenreview.com/read/review-the-abyss-of-human-illusion/,Jim Feast,Review
http://evergreenreview.com/125/,Issue 125,125,December 2010,“John Reed: Untitled” (A Review of Tales of Woe involving Rosalind Krauss in the Footnotes,http://evergreenreview.com/read/john-reed-untitled-tales-of-woe/,Rami Shamir,Review
http://evergreenreview.com/125/,Issue 125,125,December 2010,"The Gospel of American History Patti Smith, Penny Arcade, Sonic Youth and the new “auto/biography”",http://evergreenreview.com/read/the-gospel-of-american-history/,Rami Shamir,
http://evergreenreview.com/125/,Issue 125,125,December 2010,Review: The Ass’s Tale,http://evergreenreview.com/read/review-the-asss-tale/,Kevin Riordan,Review
http://evergreenreview.com/125/,Issue 125,125,December 2010,Review: The Guys Who Spied for China,http://evergreenreview.com/read/review-the-guys-who-spied-for-china/,Kevin Riordan,Review
http://evergreenreview.com/125/,Issue 125,125,December 2010,Review: Walt Whitman’s Secret,http://evergreenreview.com/read/review-walt-whitmans-secret/,Christopher Moore,Review
http://evergreenreview.com/126/,Issue 126,126,Spring 2011,Letters to the Editor,http://evergreenreview.com/read/letters-to-the-editor-126/,Readers of Evergreen,Letters to the Editor
http://evergreenreview.com/126/,Issue 126,126,Spring 2011,The New San Francisco Underground: Part 3 of 3 Conclusion,http://evergreenreview.com/read/the-new-san-francisco-poetry-underground-part-3-of-3-introduction/,Alan Kaufman,
http://evergreenreview.com/126/,Issue 126,126,Spring 2011,The New San Francisco Poetry Underground: Jonathon Siegal,http://evergreenreview.com/read/the-new-san-francisco-poetry-underground-jonathon-siegal/,Jonathon Siegal,Poetry
http://evergreenreview.com/126/,Issue 126,126,Spring 2011,The New San Francisco Poetry Underground: Duo Von Dagrate,http://evergreenreview.com/read/the-new-san-francisco-poetry-underground-duo-von-dagrate/,Duo Von Dagrate,Poetry
http://evergreenreview.com/126/,Issue 126,126,Spring 2011,The New San Francisco Poetry Underground: Baraka Noel,http://evergreenreview.com/read/the-new-san-francisco-poetry-underground-baraka-noel/,Baraka Noel,Poetry
http://evergreenreview.com/126/,Issue 126,126,Spring 2011,The New San Francisco Poetry Underground: Nicole McFeely and Maureen Blennerhassett,http://evergreenreview.com/read/the-new-san-francisco-poetry-underground-nicole-mcfeely-and-maureen-blennerhassett/,"Maureen Blennerhassett, Nicole McFeely",Poetry
http://evergreenreview.com/126/,Issue 126,126,Spring 2011,The Official Killers Handbook,http://evergreenreview.com/read/the-official-killers-handbook/,Christopher G. Moore,
http://evergreenreview.com/126/,Issue 126,126,Spring 2011,Three Poems,http://evergreenreview.com/read/three-poems-richard-milazzo/,Richard Milazzo,Poem
http://evergreenreview.com/126/,Issue 126,126,Spring 2011,After He Was Found to Be An Island of Bad Astrology,http://evergreenreview.com/read/after-he-was-found-to-be-an-island-of-bad-astrology/,Rachel McKibbens,
http://evergreenreview.com/126/,Issue 126,126,Spring 2011,The Writer Who Fell in Love with the Most Beautiful Girl in the World,http://evergreenreview.com/read/the-writer-who-fell-in-love-with-the-most-beautiful-girl-in-the-world/,Steve Sohmer,
http://evergreenreview.com/126/,Issue 126,126,Spring 2011,Incident at LaBrea and Sunset,http://evergreenreview.com/read/incident-at-labrea-and-sunset/,Arthur Vogelsang,
http://evergreenreview.com/126/,Issue 126,126,Spring 2011,Fuck Bike #001,http://evergreenreview.com/read/fuck-bike-001/,"Andrew H. Shirley, William Thomas Porter",
http://evergreenreview.com/126/,Issue 126,126,Spring 2011,Six Untitled Poems,http://evergreenreview.com/read/six-untitled-poems-simon-perchik/,Simon Perchik,Poem
http://evergreenreview.com/126/,Issue 126,126,Spring 2011,“40” (Parts 17 – 24),http://evergreenreview.com/read/40-parts-17-24/,"Brad Brown, Stan Adler",
http://evergreenreview.com/126/,Issue 126,126,Spring 2011,Birthday Skirt,http://evergreenreview.com/read/birthday-skirt/,Linda Tieber,
http://evergreenreview.com/126/,Issue 126,126,Spring 2011,An Excerpt from Train to Pokipse,http://evergreenreview.com/read/an-excerpt-from-train-to-pokipse/,Rami Shamir,Excerpt
http://evergreenreview.com/126/,Issue 126,126,Spring 2011,The Beautiful Yellow Flying Horse,http://evergreenreview.com/read/the-beautiful-yellow-flying-horse/,Bob Bergin,
http://evergreenreview.com/126/,Issue 126,126,Spring 2011,My Life as a Novel,http://evergreenreview.com/read/my-live-as-a-novel/,John Bredin,
http://evergreenreview.com/126/,Issue 126,126,Spring 2011,Chickens Don’t Have Chairs,http://evergreenreview.com/read/chickens-dont-have-chairs/,Copi,
http://evergreenreview.com/126/,Issue 126,126,Spring 2011,Stuyvesant Bee #98,http://evergreenreview.com/read/stuyvesant-bee-98/,Mike Topp,
http://evergreenreview.com/126/,Issue 126,126,Spring 2011,A Pushcart Revival,http://evergreenreview.com/read/a-pushcart-revival/,John Bennett,
http://evergreenreview.com/126/,Issue 126,126,Spring 2011,Review: The Diviner’s Tale,http://evergreenreview.com/read/review-the-diviners-tale/,Jim Feast,Review
http://evergreenreview.com/126/,Issue 126,126,Spring 2011,Review: Maggot,http://evergreenreview.com/read/review-maggot/,Jim Feast,Review
http://evergreenreview.com/126/,Issue 126,126,Spring 2011,Review: If the Delta Was the Sea,http://evergreenreview.com/read/review-if-the-delta-was-the-sea/,Jim Feast,Review
http://evergreenreview.com/126/,Issue 126,126,Spring 2011,Review: The Killoyle Trilogy,http://evergreenreview.com/read/review-the-killoyle-trilogy/,Kevin Riordan,Review
http://evergreenreview.com/126/,Issue 126,126,Spring 2011,Review: Sunset Park,http://evergreenreview.com/read/review-sunset-park/,Kevin Riordan,Review
http://evergreenreview.com/126/,Issue 126,126,Spring 2011,Review: broadsheet /6: new new zealand poetry,http://evergreenreview.com/read/review-broadsheet-6/,Anna Mockler,Review
http://evergreenreview.com/126/,Issue 126,126,Spring 2011,Review: Bazan Cuba,http://evergreenreview.com/read/review-bazan-cuba/,Regina Cherry,Review
http://evergreenreview.com/126/,Issue 126,126,Spring 2011,Review: Bettina jonic – The Bitter Mirror,http://evergreenreview.com/read/review-the-bitter-mirror/,Steve Dalachinsky,Review
http://evergreenreview.com/127/,Issue 127,127,Summer 2011,Navigating the Bangkok Noir,http://evergreenreview.com/read/navigating-the-bangkok-noir/,"Chris Coles, Christopher G. Moore",
http://evergreenreview.com/127/,Issue 127,127,Summer 2011,All The Rest Divine,http://evergreenreview.com/read/all-the-rest-divine/,Bonny Finberg,
http://evergreenreview.com/127/,Issue 127,127,Summer 2011,The Private Life of a Chinese MiG Pilot,http://evergreenreview.com/read/the-private-life-of-a-chinese-mig-pilot/,Bob Bergin,
http://evergreenreview.com/127/,Issue 127,127,Summer 2011,Louise Bourgeois / Peter Orlovsky / Remembrance,http://evergreenreview.com/read/louise-bourgeois-peter-orlovsky-remembrance/,Valery Oisteanu,
http://evergreenreview.com/127/,Issue 127,127,Summer 2011,Bridal Suite,http://evergreenreview.com/read/bridal-suite/,Shane Ryan Bailey,
http://evergreenreview.com/127/,Issue 127,127,Summer 2011,Letter One,http://evergreenreview.com/read/letter-one/,Bettina Jonic,
http://evergreenreview.com/127/,Issue 127,127,Summer 2011,A Long Story / Foothills Panic,http://evergreenreview.com/read/a-long-story-foothills-panic/,Matt Cook,
http://evergreenreview.com/127/,Issue 127,127,Summer 2011,Goodbye Blue Monday,http://evergreenreview.com/read/goodbye-blue-monday/,Benjamin Smith,
http://evergreenreview.com/127/,Issue 127,127,Summer 2011,Honey Noise and Crackhead Manifesto,http://evergreenreview.com/read/honey-noise-and-crackhead-manifesto/,Sean Kilpatrick,
http://evergreenreview.com/127/,Issue 127,127,Summer 2011,My Hair,http://evergreenreview.com/read/my-hair/,G. David Schwartz,
http://evergreenreview.com/127/,Issue 127,127,Summer 2011,Calavera,http://evergreenreview.com/read/calavera/,Bret Bass,
http://evergreenreview.com/127/,Issue 127,127,Summer 2011,"White Meat, Breasts",http://evergreenreview.com/read/white-meat-breasts/,Francis Levy,
http://evergreenreview.com/127/,Issue 127,127,Summer 2011,1948 / I Did This I Did That,http://evergreenreview.com/read/1948-i-did-this-i-did-that/,Arthur Vogelsang,
http://evergreenreview.com/127/,Issue 127,127,Summer 2011,The Jewess,http://evergreenreview.com/read/the-jewess/,Tom Bonfiglio,
http://evergreenreview.com/127/,Issue 127,127,Summer 2011,The Sea Anemone Must Wed Lightning,http://evergreenreview.com/read/the-sea-anemone-must-wed-lightning/,Clif Mason,
http://evergreenreview.com/127/,Issue 127,127,Summer 2011,Stuyvesant Bee #101,http://evergreenreview.com/read/stuyvesant-bee-101/,Mike Topp,
http://evergreenreview.com/127/,Issue 127,127,Summer 2011,Review: Sasquatch Stories,http://evergreenreview.com/read/review-sasquatch-stories-by-mike-topp/,Anna Mockler,Review
http://evergreenreview.com/127/,Issue 127,127,Summer 2011,Review: Footsteps to Forever,http://evergreenreview.com/read/review-footsteps-to-forever/,Kevin Riordan,Review
http://evergreenreview.com/127/,Issue 127,127,Summer 2011,Review: Battle Scars and The New World,http://evergreenreview.com/read/review-battle-scars-and-the-new-world/,Jim Feast,Review
http://evergreenreview.com/127/,Issue 127,127,Summer 2011,Review: Countdown to Immortality,http://evergreenreview.com/read/review-countdown-to-immortality/,Jim Feast,Review
http://evergreenreview.com/127/,Issue 127,127,Summer 2011,Review: The Artist and Globalization,http://evergreenreview.com/read/review-the-artist-and-globalization/,Jim Feast,Review
http://evergreenreview.com/128/,Issue 128,128,Spring 2012,America’s Great Game,http://evergreenreview.com/read/americas-great-game/,William Bryant,
http://evergreenreview.com/128/,Issue 128,128,Spring 2012,Khmer Rouge Noir,http://evergreenreview.com/read/khmer-rouge-noir/,Christopher G. Moore,
http://evergreenreview.com/128/,Issue 128,128,Spring 2012,Ode to My Foreman Grill and other Poems,http://evergreenreview.com/read/ode-to-my-foreman-grill-and-other-poems/,Patrick Walsh,Poems
http://evergreenreview.com/128/,Issue 128,128,Spring 2012,The Wedding Pig,http://evergreenreview.com/read/the-wedding-pig/,Sujatha Gidla,
http://evergreenreview.com/128/,Issue 128,128,Spring 2012,The Path of Least Resistance,http://evergreenreview.com/read/the-path-of-least-resistance/,Brian Van Reet,
http://evergreenreview.com/128/,Issue 128,128,Spring 2012,Close Weather,http://evergreenreview.com/read/close-weather/,Chivas Sandage,
http://evergreenreview.com/128/,Issue 128,128,Spring 2012,A Delicate Beauty,http://evergreenreview.com/read/a-delicate-beauty/,Bob Bergin,
http://evergreenreview.com/128/,Issue 128,128,Spring 2012,Recession Oratorio,http://evergreenreview.com/read/recession-oratorio/,Jeffrey Essmann,
http://evergreenreview.com/128/,Issue 128,128,Spring 2012,Pastor Kim’s Day Off,http://evergreenreview.com/read/pastor-kims-day-off/,Julie Carl,
http://evergreenreview.com/128/,Issue 128,128,Spring 2012,The Freeze Dried Grains and other Poems,http://evergreenreview.com/read/the-freeze-dried-grains-and-other-poems/,Henry C. Smith,Poems
http://evergreenreview.com/128/,Issue 128,128,Spring 2012,Interview with Barney Rosset from Pataphysics,http://evergreenreview.com/read/interview-with-barney-rossett-from-pataphysics/,Leo Edelstein,Interview
http://evergreenreview.com/128/,Issue 128,128,Spring 2012,Aftermath,http://evergreenreview.com/read/aftermath/,Margaret Zamos-Monteith,
http://evergreenreview.com/128/,Issue 128,128,Spring 2012,Introduction to the Decapitated Generation,http://evergreenreview.com/read/introduction-to-the-decapitated-generation/,Michael Zapata,
http://evergreenreview.com/128/,Issue 128,128,Spring 2012,Ford,http://evergreenreview.com/read/ford/,Tiffany Nguyen,
http://evergreenreview.com/128/,Issue 128,128,Spring 2012,Forget Monet / Matin Plus,http://evergreenreview.com/read/forget-monet-matin-plus/,Rachelle Bijou,
http://evergreenreview.com/128/,Issue 128,128,Spring 2012,Deus Ex Machina,http://evergreenreview.com/read/deus-ex-machina/,Nicholas Machiavelli,
http://evergreenreview.com/128/,Issue 128,128,Spring 2012,Circadian Rhythms,http://evergreenreview.com/read/circadian-rythms/,Marwa Berro,
http://evergreenreview.com/128/,Issue 128,128,Spring 2012,Stuyvesant Bee #104,http://evergreenreview.com/read/stuyvesant-bee-104/,Mike Topp,
http://evergreenreview.com/128/,Issue 128,128,Spring 2012,Tennyson Squares,http://evergreenreview.com/read/tennyson-squares/,Gary McDonald,
http://evergreenreview.com/128/,Issue 128,128,Spring 2012,Two Reviews: United States of Banana by Giannina Braschi,http://evergreenreview.com/read/two-reviews-united-states-of-banana-giannina-braschi/,Cristina Garrigos & Daniela Daniele,Review
http://evergreenreview.com/128/,Issue 128,128,Spring 2012,The Perpetual is Hellish: Review of Perpetual Euphoria by Pascal Bruckner,http://evergreenreview.com/read/the-perpetual-is-hellish-review-of-perpetual-euphoria-by-pascal-bruckner/,Anna Mockler,Review
http://evergreenreview.com/128/,Issue 128,128,Spring 2012,Review: Déjà vu by Bonny Finberg,http://evergreenreview.com/read/review-deja-vu-by-bonny-finberg/,Steve Dalachinsky,Review
http://evergreenreview.com/128/,Issue 128,128,Spring 2012,Review: A Moment in the Sun by John Sayles,http://evergreenreview.com/read/review-a-moment-in-the-sun-by-john-sayles/,Kevin Riordan,Review
http://evergreenreview.com/128/,Issue 128,128,Spring 2012,Two Reviews: Dream of Ding Village and Serve the People by Yan Lianke,http://evergreenreview.com/read/two-reviews-dream-of-ding-village-and-serve-the-people-by-yan-lianke/,Jim Feast,Review
http://evergreenreview.com/128/,Issue 128,128,Spring 2012,Review: Drunken Angel by Alan Kaufman,http://evergreenreview.com/read/review-drunken-angel-by-alan-kaufman/,Jim Feast,Review
http://evergreenreview.com/129/,Issue 129,129,Summer 2012,“40” (Parts 25 – 32),http://evergreenreview.com/read/40-parts-25-32/,"Brad Brown, Stan Adler",
http://evergreenreview.com/129/,Issue 129,129,Summer 2012,The Maladjusted Terrorist (Excerpt),http://evergreenreview.com/read/the-maladjusted-terrorist/,Roger Boylan,
http://evergreenreview.com/129/,Issue 129,129,Summer 2012,Arnold Weinstein: The Magical Use of Language,http://evergreenreview.com/read/arnold-weinstein-the-magical-use-of-language/,Kenneth H. Brown,
http://evergreenreview.com/129/,Issue 129,129,Summer 2012,Your Patronage is Our Privilege,http://evergreenreview.com/read/your-patronage-is-our-privilege/,Celia Bland,
http://evergreenreview.com/129/,Issue 129,129,Summer 2012,The Emperor’s New Hose,http://evergreenreview.com/read/the-emperors-new-hose/,Stacy Hardy,
http://evergreenreview.com/129/,Issue 129,129,Summer 2012,To Crush a Butterfly on the Wheel of a Tank: Why Americans Must Take to the Streets,http://evergreenreview.com/read/to-crush-a-butterfly/,Rob Couteau,
http://evergreenreview.com/129/,Issue 129,129,Summer 2012,His Father’s Disease,http://evergreenreview.com/read/his-fathers-disease/,Aruni Kashyap,
http://evergreenreview.com/129/,Issue 129,129,Summer 2012,A Thumb Nail Sketch / of SB,http://evergreenreview.com/read/a-thumbnail-sketch-of-sb/,Bettina Jonic,
http://evergreenreview.com/129/,Issue 129,129,Summer 2012,Allowing Pass,http://evergreenreview.com/read/allowing-pass/,Al Charity,
http://evergreenreview.com/129/,Issue 129,129,Summer 2012,Faces on the Ceiling,http://evergreenreview.com/read/faces-on-the-ceiling/,Jason Hardung,
http://evergreenreview.com/129/,Issue 129,129,Summer 2012,The Whimsy of Creation,http://evergreenreview.com/read/the-whimsey-of-creation/,Peter Tieryas Liu,
http://evergreenreview.com/129/,Issue 129,129,Summer 2012,Faking it in Bangkok: Dummy CCTV cameras,http://evergreenreview.com/read/faking-it-in-bangkok-dummy-cctv-cameras/,Christopher G. Moore,
http://evergreenreview.com/129/,Issue 129,129,Summer 2012,Introduced Species,http://evergreenreview.com/read/introduced-species/,Siobhan Harvey,
http://evergreenreview.com/129/,Issue 129,129,Summer 2012,If Those Blossoms Don’t Come / Montmarte,http://evergreenreview.com/read/if-those-blossoms-dont-come-montmarte/,Lyn Lifshin,
http://evergreenreview.com/129/,Issue 129,129,Summer 2012,A Small Thing,http://evergreenreview.com/read/a-small-thing/,William George Meffert,
http://evergreenreview.com/129/,Issue 129,129,Summer 2012,Points of Articulation,http://evergreenreview.com/read/points-of-articulation/,Jamie Woods,
http://evergreenreview.com/129/,Issue 129,129,Summer 2012,Wilhelm Reich in Lewisburg,http://evergreenreview.com/read/wilhelm-reich-in-lewisburg/,Mark Kerstetter,
http://evergreenreview.com/129/,Issue 129,129,Summer 2012,Ài Wèiwèi Loves the Future,http://evergreenreview.com/read/ai-weiwei-loves-the-future/,Caleb Powell,
http://evergreenreview.com/129/,Issue 129,129,Summer 2012,Stuyvesant Bee #105,http://evergreenreview.com/read/stuyvesant-bee-105/,Mike Topp,
http://evergreenreview.com/129/,Issue 129,129,Summer 2012,Review: Forty Years of Fusion Art by Shalom Neuman,http://evergreenreview.com/read/forty-years-of-fusion-art-shalom-neuman/,Jim Feast,Review
http://evergreenreview.com/129/,Issue 129,129,Summer 2012,Review: The Red Buddha and Emergency Room Wrestling,http://evergreenreview.com/read/review-the-red-buddha-and-emergency-room-wrestling/,Jim Feast,Review
http://evergreenreview.com/129/,Issue 129,129,Summer 2012,Review: The Uninnocent by Bradford Morrow,http://evergreenreview.com/read/the-uninnocent-by-bradford-morrow/,Jim Feast,Review
http://evergreenreview.com/129/,Issue 129,129,Summer 2012,Review: Attempted Poeticide by Kaidasa,http://evergreenreview.com/read/attempted-poeticide-kaidasa/,Kevin Riordan,Review
http://evergreenreview.com/129/,Issue 129,129,Summer 2012,Review: Contradicta by Nick Piombino,http://evergreenreview.com/read/review-contradicta-by-nick-piombino/,Jerome Sala,Review
http://evergreenreview.com/130/,Issue 130,130,Fall 2012,Elvis on the 101,http://evergreenreview.com/read/elvis-on-the-101/,Mike Selph,
http://evergreenreview.com/130/,Issue 130,130,Fall 2012,Naked Punch,http://evergreenreview.com/read/naked-punch/,Chris Kelso,
http://evergreenreview.com/130/,Issue 130,130,Fall 2012,Squirrels,http://evergreenreview.com/read/squirrels/,Aaron Hames,
http://evergreenreview.com/130/,Issue 130,130,Fall 2012,"Up, Up and Away",http://evergreenreview.com/read/up-up-and-away/,Jocelyn Paige Kelly,
http://evergreenreview.com/130/,Issue 130,130,Fall 2012,My Girlfriend Is a Doctor,http://evergreenreview.com/read/my-girlfriend-is-a-doctor/,Prakash Kulkarni,
http://evergreenreview.com/130/,Issue 130,130,Fall 2012,Firefly,http://evergreenreview.com/read/firefly/,Sarah T. Schwab,
http://evergreenreview.com/130/,Issue 130,130,Fall 2012,"Merida, Easter",http://evergreenreview.com/read/merida-easter/,Cher Bibler,
http://evergreenreview.com/130/,Issue 130,130,Fall 2012,A Road in Florida,http://evergreenreview.com/read/a-road-in-florida/,Daniel Hyndman,
http://evergreenreview.com/130/,Issue 130,130,Fall 2012,Last Song of the Reed Flute,http://evergreenreview.com/read/last-song-of-the-reed-flute/,Tim Keane,
http://evergreenreview.com/130/,Issue 130,130,Fall 2012,Queueless Lines,http://evergreenreview.com/read/queueless-lines/,Kolade Ajayi,
http://evergreenreview.com/130/,Issue 130,130,Fall 2012,It Was the Blondes: Albert and Tiger,http://evergreenreview.com/read/it-was-the-blondes-albert-and-tiger/,Lyn Lifshin,
http://evergreenreview.com/130/,Issue 130,130,Fall 2012,Back in the Box,http://evergreenreview.com/read/back-in-the-box/,Justin Thibodeau,
http://evergreenreview.com/130/,Issue 130,130,Fall 2012,Facing Windows,http://evergreenreview.com/read/facing-windows/,Ethel Rackin,
http://evergreenreview.com/130/,Issue 130,130,Fall 2012,A Lesson from the Shema,http://evergreenreview.com/read/a-lesson-from-the-shema/,Michael P. Amram,
http://evergreenreview.com/130/,Issue 130,130,Fall 2012,Sleepwalker,http://evergreenreview.com/read/sleepwalker/,Katherine Teirnan,
http://evergreenreview.com/130/,Issue 130,130,Fall 2012,On the Road to Long Island,http://evergreenreview.com/read/on-the-road-to-long-island/,Shiv Dutta,
http://evergreenreview.com/130/,Issue 130,130,Fall 2012,The Empress of Yogurt,http://evergreenreview.com/read/the-empress-of-yogurt/,David Alpaugh,
http://evergreenreview.com/130/,Issue 130,130,Fall 2012,Why Renovate?,http://evergreenreview.com/read/why-renovate/,Dawn Marlan,
http://evergreenreview.com/130/,Issue 130,130,Fall 2012,Killing Fields Justice: A Witness to History,http://evergreenreview.com/read/killing-fields-justice-a-witness-to-history/,Christopher G. Moore,
http://evergreenreview.com/130/,Issue 130,130,Fall 2012,Surabaya Jimmy,http://evergreenreview.com/read/surabaya-jimmy/,Peter Snowdon,
http://evergreenreview.com/130/,Issue 130,130,Fall 2012,Review: This Young Girl Passing,http://evergreenreview.com/read/review-this-young-girl-passing/,Anna Mockler,Review
http://evergreenreview.com/130/,Issue 130,130,Fall 2012,Reviews: Lizard World and The Plastic Factory,http://evergreenreview.com/read/reviews-lizard-world-and-the-plastic-factory/,Jim Feast,Review
http://evergreenreview.com/130/,Issue 130,130,Fall 2012,"Review: Rami Shamir, Train to Pokipse",http://evergreenreview.com/read/review-train-to-pokipse/,Anjelica V. Young,Review
http://evergreenreview.com/130/,Issue 130,130,Fall 2012,Review: Cleaning the Duck by Tsaurah Litzky,http://evergreenreview.com/read/review-cleaning-the-duck-by-tsaurah-litzky/,Steve Dalachinsky,Review
http://evergreenreview.com/131/,"Issue 131: Tributes to Barney Rosset,",131,2012,Tribute to Barney Rosset,http://evergreenreview.com/read/tribute-to-barney-rosset-by-david-amram/,David Amram,Tribute
http://evergreenreview.com/131/,"Issue 131: Tributes to Barney Rosset,",131,2012,"Barney Rosset, Soldier",http://evergreenreview.com/read/barney-rosset-soldier/,Bob Bergin,Tribute
http://evergreenreview.com/131/,"Issue 131: Tributes to Barney Rosset,",131,2012,Tribute to Barney Rosset,http://evergreenreview.com/read/tribute-to-barney-rosset-by-steven-brower/,Steven Brower,Tribute
http://evergreenreview.com/131/,"Issue 131: Tributes to Barney Rosset,",131,2012,Tribute to Barney Rosset,http://evergreenreview.com/read/tribute-to-barney-rosset-by-john-calder/,John Calder,Tribute
http://evergreenreview.com/131/,"Issue 131: Tributes to Barney Rosset,",131,2012,Tribute,http://evergreenreview.com/read/tribute-to-barney-rosset-by-wynn-chamberlain/,Wynn Chamberlain,Tribute
http://evergreenreview.com/131/,"Issue 131: Tributes to Barney Rosset,",131,2012,Rosset as Reviewer,http://evergreenreview.com/read/rosset-as-reviewer/,Jim Feast,Tribute
http://evergreenreview.com/131/,"Issue 131: Tributes to Barney Rosset,",131,2012,Tribute to Barney Rosset,http://evergreenreview.com/read/tribute-to-barney-rosset-by-beau-friedlander/,Beau Friedlander,Tribute
http://evergreenreview.com/131/,"Issue 131: Tributes to Barney Rosset,",131,2012,Tribute to Barney Rosset,http://evergreenreview.com/read/tribute-to-barney-rosset-by-everett-frost/,Everett Frost,Tribute
http://evergreenreview.com/131/,"Issue 131: Tributes to Barney Rosset,",131,2012,"Exemplar, Barney",http://evergreenreview.com/read/exemplar-barney/,Robert Gibbons,Tribute
http://evergreenreview.com/131/,"Issue 131: Tributes to Barney Rosset,",131,2012,A Friend to Writers Whatever the Cost,http://evergreenreview.com/read/a-friend-to-writers-whatever-the-cost/,Herbert Gold,Tribute
http://evergreenreview.com/131/,"Issue 131: Tributes to Barney Rosset,",131,2012,Tribute to Barney Rosset,http://evergreenreview.com/read/tribute-to-barney-rosset-by-michael-guinzburg/,Michael Guinzburg,Tribute
http://evergreenreview.com/131/,"Issue 131: Tributes to Barney Rosset,",131,2012,When Can I See It?,http://evergreenreview.com/read/when-can-i-see-it/,Choko Ichihara,Tribute
http://evergreenreview.com/131/,"Issue 131: Tributes to Barney Rosset,",131,2012,Tribute to Barney Rosset,http://evergreenreview.com/read/tribute-to-barney-rosset-by-spoon-jackson/,Spoon Jackson,Tribute
http://evergreenreview.com/131/,"Issue 131: Tributes to Barney Rosset,",131,2012,Tribute to Barney Rosset,http://evergreenreview.com/read/tribute-to-barney-rosset-by-bettina-jonic/,Bettina Jonic,Tribute
http://evergreenreview.com/131/,"Issue 131: Tributes to Barney Rosset,",131,2012,Letter to Barney,http://evergreenreview.com/read/letter-to-barney/,Jan Jonson,Tribute
http://evergreenreview.com/131/,"Issue 131: Tributes to Barney Rosset,",131,2012,Tribute,http://evergreenreview.com/read/tribute-to-barney-rosset-by-kathy-kiernan/,Kathy Kiernan,Tribute
http://evergreenreview.com/131/,"Issue 131: Tributes to Barney Rosset,",131,2012,Tribute to Barney Rosset,http://evergreenreview.com/read/tribute-to-barney-rosset-by-janine-lindsey/,Janine Lindsey,Tribute
http://evergreenreview.com/131/,"Issue 131: Tributes to Barney Rosset,",131,2012,Strange Victories,http://evergreenreview.com/read/strange-victories/,Ross Lipman,Tribute
http://evergreenreview.com/131/,"Issue 131: Tributes to Barney Rosset,",131,2012,Tribute to Barney Rosset,http://evergreenreview.com/read/tribute-to-barney-rosset-by-zarela-martinez/,Zarela Martinez,Tribute
http://evergreenreview.com/131/,"Issue 131: Tributes to Barney Rosset,",131,2012,Tribute to Barney Rosset,http://evergreenreview.com/read/tribute-to-barney-rosset-by-stewart-meyer/,Stewart Meyer,Tribute
http://evergreenreview.com/131/,"Issue 131: Tributes to Barney Rosset,",131,2012,Remembering Barney,http://evergreenreview.com/read/remembering-barney/,Richard Milazzo,Tribute
http://evergreenreview.com/131/,"Issue 131: Tributes to Barney Rosset,",131,2012,Tribute to Barney Rosset,http://evergreenreview.com/read/tribute-to-barney-rosset-by-christopher-g-moore/,Christopher G. Moore,Tribute
http://evergreenreview.com/131/,"Issue 131: Tributes to Barney Rosset,",131,2012,Tribute,http://evergreenreview.com/read/tribute-to-barney-rosset-by-gabriel-morgan/,Gabriel Morgan,Tribute
http://evergreenreview.com/131/,"Issue 131: Tributes to Barney Rosset,",131,2012,Letter to Astrid,http://evergreenreview.com/read/letter-to-astrid-from-eva-morris/,Eva Morris,Tribute
http://evergreenreview.com/131/,"Issue 131: Tributes to Barney Rosset,",131,2012,Tribute to Barney Rosset,http://evergreenreview.com/read/tribute-to-barney-rosset-by-bradford-morrow/,Bradford Morrow,Tribute
http://evergreenreview.com/131/,"Issue 131: Tributes to Barney Rosset,",131,2012,Tribute to Barney Rosset,http://evergreenreview.com/read/tribute-to-barney-rosset-by-coco-myers/,Coco Myers,Tribute
http://evergreenreview.com/131/,"Issue 131: Tributes to Barney Rosset,",131,2012,Mourning the Loss of Barney Rosset,http://evergreenreview.com/read/mourning-the-loss-of-barney-rosset/,Kenzaburō Ōe,Tribute
http://evergreenreview.com/131/,"Issue 131: Tributes to Barney Rosset,",131,2012,Tribute to Barney Rosset,http://evergreenreview.com/read/tribute-to-barney-rosset-by-david-schlesinger/,David Schlesinger,Tribute
http://evergreenreview.com/131/,"Issue 131: Tributes to Barney Rosset,",131,2012,The Man Once Known as Barney Rosset,http://evergreenreview.com/read/the-man-once-known-as-barney-rosset/,Rami Shamir,Tribute
http://evergreenreview.com/131/,"Issue 131: Tributes to Barney Rosset,",131,2012,Tribute to Barney Rosset,http://evergreenreview.com/read/tribute-to-barney-rosset-by-ira-silverberg/,Ira Silverberg,Tribute
http://evergreenreview.com/131/,"Issue 131: Tributes to Barney Rosset,",131,2012,Tribute to Barney Rosset,http://evergreenreview.com/read/tribute-to-barney-rosset-by-dan-simon/,Dan Simon,Tribute
http://evergreenreview.com/131/,"Issue 131: Tributes to Barney Rosset,",131,2012,Tribute to Barney Rosset,http://evergreenreview.com/read/tribute-to-barney-rosset-by-judith-tannenbaum/,Judith Tannenbaum,Tribute
http://evergreenreview.com/131/,"Issue 131: Tributes to Barney Rosset,",131,2012,Tribute to Barney Rosset,http://evergreenreview.com/read/tribute-to-barney-rosset-by-mike-topp/,Mike Topp,Tribute
http://evergreenreview.com/131/,"Issue 131: Tributes to Barney Rosset,",131,2012,Tribute to Barney Rosset,http://evergreenreview.com/read/tribute-to-barney-rosset-by-mia-yun/,Mia Yun,Tribute
http://evergreenreview.com/2018/,2018,2018,2018,"Lisbon, Last Frontier",http://evergreenreview.com/read/lisbon-last-frontier/,Antoine Volodine,Novel Excerpt (Fiction)
http://evergreenreview.com/2018/,2018,2018,2018,"Ishi, Last of His Tribe",http://evergreenreview.com/read/ishi-last-of-his-tribe/,Heather Abel,Novel Excerpt (Fiction)
http://evergreenreview.com/2018/,2018,2018,2018,My Romantic Life,http://evergreenreview.com/read/my-romantic-life/,Mattilda Bernstein Sycamore,Memoir
http://evergreenreview.com/2018/,2018,2018,2018,Journey,http://evergreenreview.com/read/journey/,Uchechukwu Peter Umezurike,Story
http://evergreenreview.com/2018/,2018,2018,2018,The Great Fire of London,http://evergreenreview.com/read/the-great-fire-of-london/,Chimene Suleyman,Essay
http://evergreenreview.com/2018/,2018,2018,2018,Men and Apparitions,http://evergreenreview.com/read/men-and-apparitions/,Lynne Tillman,Novel Excerpt (Fiction)
http://evergreenreview.com/2018/,2018,2018,2018,Glory Hole,http://evergreenreview.com/read/glory-hole/,Stephen Beachy,Novel Excerpt (Fiction)
http://evergreenreview.com/2018/,2018,2018,2018,Anti-Fascist Practice and Impossible Non-Violence,http://evergreenreview.com/read/anti-fascist-practice-and-impossible-non-violence/,Natasha Lennard,Essay
http://evergreenreview.com/2018/,2018,2018,2018,Old School,http://evergreenreview.com/read/old-school/,Mark Jacobs,Story
http://evergreenreview.com/2018/,2018,2018,2018,"Go, Went, Gone",http://evergreenreview.com/read/go-went-gone/,Jenny Erpenbeck,Novel Excerpt (Fiction)
http://evergreenreview.com/ss22/,Spring / Summer,2022,Spring / Summer 2022,Letters from Lviv,http://evergreenreview.com/read/letters-from-lviv/,Larissa Babij,
http://evergreenreview.com/ss22/,Spring / Summer,2022,Spring / Summer 2022,Monkey Trick,http://evergreenreview.com/read/monkey-trick/,Preston DeGarmo,
http://evergreenreview.com/ss22/,Spring / Summer,2022,Spring / Summer 2022,Flagellation of the Female Samboe Slave and Other Poems,http://evergreenreview.com/read/flagellation-of-the-female-samboe-slave-and-other-poems/,Monique-Adelle Callahan D.,poem
http://evergreenreview.com/ss22/,Spring / Summer,2022,Spring / Summer 2022,The Building,http://evergreenreview.com/read/the-building/,Samuel Kọ́láwọlé,
http://evergreenreview.com/ss22/,Spring / Summer,2022,Spring / Summer 2022,Ukraine and Political Laziness: A Syrian Perspective,http://evergreenreview.com/read/ukraine-and-political-laziness/,Maher Massoud,
http://evergreenreview.com/ss22/,Spring / Summer,2022,Spring / Summer 2022,Regarding the Pain of Others: Grizzly Man,http://evergreenreview.com/read/regarding-the-pain-of-others-grizzly-man/,Laurie Stone,
http://evergreenreview.com/ss22/,Spring / Summer,2022,Spring / Summer 2022,The Republic and Other Poems,http://evergreenreview.com/read/the-republic-and-other-poems/,Mbizo Chirasha,poem
http://evergreenreview.com/ss22/,Spring / Summer,2022,Spring / Summer 2022,Daily Conversations with Nature,http://evergreenreview.com/read/daily-conversations-with-nature/,Lincoln Schatz,
http://evergreenreview.com/ss22/,Spring / Summer,2022,Spring / Summer 2022,My Mother Is Thinking,http://evergreenreview.com/read/my-mother-is-thinking/,Jacques Servin,
http://evergreenreview.com/ss22/,Spring / Summer,2022,Spring / Summer 2022,The King of the Mountain: Raja Salhesh and the Tableau of Equality,http://evergreenreview.com/read/the-king-of-the-mountain/,"Martine Le Coz, S. Anand",
http://evergreenreview.com/ss22/,Spring / Summer,2022,Spring / Summer 2022,Martin Wong’s Chains of Desire,http://evergreenreview.com/read/martin-wongs-chains-of-desire/,Barry Blinderman,
http://evergreenreview.com/ss22/,Spring / Summer,2022,Spring / Summer 2022,Some Women Marry Houses and Other Poems,http://evergreenreview.com/read/some-women-marry-houses-and-other-poems/,Heather Treseler,poem
http://evergreenreview.com/ss22/,Spring / Summer,2022,Spring / Summer 2022,The Orphan,http://evergreenreview.com/read/the-orphan/,"Ayagul Mantay, Zaure Batayeva",
http://evergreenreview.com/ss22/,Spring / Summer,2022,Spring / Summer 2022,The Illustrated “On the Road”,http://evergreenreview.com/read/the-illustrated-on-the-road/,Christopher Panzner,
http://evergreenreview.com/ss22/,Spring / Summer,2022,Spring / Summer 2022,Perhaps Not Lenticular and Other Poems,http://evergreenreview.com/read/perhaps-not-lenticular-and-other-poems/,Robert Okaji,poem
http://evergreenreview.com/ss22/,Spring / Summer,2022,Spring / Summer 2022,Eslam Abd El Salam: I Carry Your Heart with Me,http://evergreenreview.com/read/eslam-abd-el-salam-i-carry-your-heart-with-me/,"Eslam Abd El Salam, Joy Garnett",
http://evergreenreview.com/ss22/,Spring / Summer,2022,Spring / Summer 2022,Reprieve,http://evergreenreview.com/read/reprieve/,Ariel Dorfman,
http://evergreenreview.com/ss22/,Spring / Summer,2022,Spring / Summer 2022,Waiting with Mother,http://evergreenreview.com/read/waiting-with-mother/,Christopher Mlalazi,
http://evergreenreview.com/ss22/,Spring / Summer,2022,Spring / Summer 2022,Parachuting into a Thimble and Other Poems,http://evergreenreview.com/read/parachuting-into-a-thimble-and-other-poems/,Douglas Collura,poem
http://evergreenreview.com/ss22/,Spring / Summer,2022,Spring / Summer 2022,Decolonize Museums,http://evergreenreview.com/read/decolonize-museums/,Shimrit Lee,
http://evergreenreview.com/ss22/,Spring / Summer,2022,Spring / Summer 2022,The Virtuoso,http://evergreenreview.com/read/the-virtuoso/,Emma Smith-Stevens,
http://evergreenreview.com/ss22/,Spring / Summer,2022,Spring / Summer 2022,Narrative Recipes,http://evergreenreview.com/read/narrative-recipes/,Sung Uni Lee,
http://evergreenreview.com/ss22/,Spring / Summer,2022,Spring / Summer 2022,Breakbone,http://evergreenreview.com/read/breakbone/,Mark Jacobs,
http://evergreenreview.com/ss22/,Spring / Summer,2022,Spring / Summer 2022,Tiffany Calvert’s Uncanny Valley,http://evergreenreview.com/read/tiffany-calverts-unccanny-valley/,"Joy Garnett, Tiffany Calvert",
http://evergreenreview.com/ss22/,Spring / Summer,2022,Spring / Summer 2022,States of the Union: Accepting and Moving On,http://evergreenreview.com/read/accepting-and-moving-on/,Kiprop Kimutai,
http://evergreenreview.com/ss22/,Spring / Summer,2022,Spring / Summer 2022,Keough and Other Poems,http://evergreenreview.com/read/keough-and-other-poems/,Patrick Walsh,poem
http://evergreenreview.com/ss22/,Spring / Summer,2022,Spring / Summer 2022,"Oscar Kilo, We Are All Not OK",http://evergreenreview.com/read/oscar-kilo-we-Are-all-not-ok/,Therese Eiben,
http://evergreenreview.com/ss22/,Spring / Summer,2022,Spring / Summer 2022,Life Drawing,http://evergreenreview.com/read/life-drawing/,Joy Garnett,
http://evergreenreview.com/ss22/,Spring / Summer,2022,Spring / Summer 2022,“How to Trap an Insect” and Other Poems,http://evergreenreview.com/read/how-to-trap-an-insect-and-other-poems/,Maggie Wang,poem
http://evergreenreview.com/ss22/,Spring / Summer,2022,Spring / Summer 2022,Fire Escape,http://evergreenreview.com/read/fire-escape/,Yoojin Na,
http://evergreenreview.com/ss22/,Spring / Summer,2022,Spring / Summer 2022,“Reynardine” and Other Poems,http://evergreenreview.com/read/reynardine-and-other-poems/,Daniel Barnum,poem
http://evergreenreview.com/ss22/,Spring / Summer,2022,Spring / Summer 2022,Don’t Call It Belly Dancing,http://evergreenreview.com/read/dont-call-it-belly-dancing/,Raphael Cormack,
http://evergreenreview.com/ss22/,Spring / Summer,2022,Spring / Summer 2022,Birds of Prey,http://evergreenreview.com/read/birds-of-prey/,Uchenna Awoke,
http://evergreenreview.com/ss22/,Spring / Summer,2022,Spring / Summer 2022,“They all belong in the gas chamber”: Russians Speak Out in Gay Propaganda,http://evergreenreview.com/read/russians-speak-out-in-gay-propaganda/,Masha Gessen,
http://evergreenreview.com/ss22/,Spring / Summer,2022,Spring / Summer 2022,Elvis Alive / Elvis Dead,http://evergreenreview.com/read/elvis-alive-elvis-dead/,Connor Harrison,
http://evergreenreview.com/ss22/,Spring / Summer,2022,Spring / Summer 2022,McKenzie Wark interview with Porochista Khakpour,http://evergreenreview.com/read/mckenzie-wark-interview-with-porochista-khakpour/,"McKenzie Wark, Porochista Khakpour",interview
http://evergreenreview.com/ss22/,Spring / Summer,2022,Spring / Summer 2022,The Extraterrestrial,http://evergreenreview.com/read/the-extraterrestrial/,Alison Ojany,
http://evergreenreview.com/ss22/,Spring / Summer,2022,Spring / Summer 2022,An interview with Genesis Breyer P-Orridge,http://evergreenreview.com/read/an-interview-with-genesis-breyer-p-orridge/,"Genesis Breyer P-Orridge, Margarita Shalina",interview
http://evergreenreview.com/ss22/,Spring / Summer,2022,Spring / Summer 2022,Early,http://evergreenreview.com/read/early/,Alex Foster,
http://evergreenreview.com/ss22/,Spring / Summer,2022,Spring / Summer 2022,The Art of Waiting,http://evergreenreview.com/read/the-art-of-waiting/,Sara Cheikh,
http://evergreenreview.com/ss22/,Spring / Summer,2022,Spring / Summer 2022,The Traveling Sausage (Part I),http://evergreenreview.com/read/the-traveling-sausage-part-1/,Corrie Clements,
http://evergreenreview.com/ss22/,Spring / Summer,2022,Spring / Summer 2022,The Traveling Sausage (Part II),http://evergreenreview.com/read/the-traveling-sausage-part-2/,Corrie Clements,
http://evergreenreview.com/ss22/,Spring / Summer,2022,Spring / Summer 2022,Dr. Uranian,http://evergreenreview.com/read/dr-uranian/,John Strausbaugh,
http://evergreenreview.com/ss22/,Spring / Summer,2022,Spring / Summer 2022,Pilot Model No. 402 and Other Poems,http://evergreenreview.com/read/pilot-model-no-402-and-other-poems/,R. Nemo Hill,poem
http://evergreenreview.com/ss22/,Spring / Summer,2022,Spring / Summer 2022,No Amplifiers,http://evergreenreview.com/read/no-amplifiers/,Chris Leslie-Hynan,
http://evergreenreview.com/ss22/,Spring / Summer,2022,Spring / Summer 2022,States of the Union: An Introduction,http://evergreenreview.com/read/states-of-the-union/,Dale Peck,
http://evergreenreview.com/ss22/,Spring / Summer,2022,Spring / Summer 2022,"States of the Union: Hope, that foul, deceitful thing…",http://evergreenreview.com/read/hope-that-foul-deceitful-thing/,V. Geetha,
http://evergreenreview.com/ss22/,Spring / Summer,2022,Spring / Summer 2022,States of the Union: Vehicles of Death,http://evergreenreview.com/read/vehicles-of-death/,Sharif,
http://evergreenreview.com/ss22/,Spring / Summer,2022,Spring / Summer 2022,States of the Union: Some Things in the Moment I Love,http://evergreenreview.com/read/some-things-in-the-moment-i-love/,Laurie Stone,
http://evergreenreview.com/ss22/,Spring / Summer,2022,Spring / Summer 2022,States of the Union: Thank God for the Farmers,http://evergreenreview.com/read/thank-god-for-the-farmers/,Vijay Prashad,
http://evergreenreview.com/ss22/,Spring / Summer,2022,Spring / Summer 2022,States of the Union: An Immigrant’s Expectation,http://evergreenreview.com/read/an-immigrants-expectation/,Okechukwu Agu,
http://evergreenreview.com/ss22/,Spring / Summer,2022,Spring / Summer 2022,States of the Union: Sharbat Gula Is Not Lost,http://evergreenreview.com/read/sharbat-gula-is-not-lost/,Yasmin Nair,
http://evergreenreview.com/ss22/,Spring / Summer,2022,Spring / Summer 2022,States of the Union: Mexico’s Hope,http://evergreenreview.com/read/mexicos-hope/,Michelle Sierra Laffitte,
http://evergreenreview.com/ss22/,Spring / Summer,2022,Spring / Summer 2022,States of the Union: On Leaving,http://evergreenreview.com/read/on-leaving/,Emmanuel Iduma,
http://evergreenreview.com/ss22/,Spring / Summer,2022,Spring / Summer 2022,States of the Union: The Malady of Silence,http://evergreenreview.com/read/the-malady-of-silence/,Omar Berrada,
http://evergreenreview.com/ss22/,Spring / Summer,2022,Spring / Summer 2022,States of the Union: twenty thousand crashing waves. a love letter to black south african women,http://evergreenreview.com/read/twenty-thousand-crashing-waves/,vanessa mahola,
http://evergreenreview.com/ss22/,Spring / Summer,2022,Spring / Summer 2022,States of the Union: Nothing is Promised,http://evergreenreview.com/read/nothing-is-promised/,Phuong Anh Hoang,
http://evergreenreview.com/ss22/,Spring / Summer,2022,Spring / Summer 2022,States of the Union: Nigerian Oyibo,http://evergreenreview.com/read/nigerian-oyibo/,Chinyere Evelyn Uku,
http://evergreenreview.com/ss22/,Spring / Summer,2022,Spring / Summer 2022,States of the Union: Iceland: A Nation of World Records,http://evergreenreview.com/read/iceland-a-nation-of-world-records/,Sölvi Björn Sigurðsson,
http://evergreenreview.com/ss22/,Spring / Summer,2022,Spring / Summer 2022,"States of the Union: Quarantine, Singapore",http://evergreenreview.com/read/quarantine-singapore/,Joanne Leow,
http://evergreenreview.com/ss22/,Spring / Summer,2022,Spring / Summer 2022,"States of the Union: Cuba, between Hope and Horror",http://evergreenreview.com/read/cuba-between-hope-and-horror/,Orlando Luis Pardo Lazo,
http://evergreenreview.com/ss22/,Spring / Summer,2022,Spring / Summer 2022,States of the Union: Writing About Not Writing,http://evergreenreview.com/read/writing-about-not-writing/,Shams Sirry,
http://evergreenreview.com/ss22/,Spring / Summer,2022,Spring / Summer 2022,States of the Union: This Is Always the Last Time You’ll Ever Be Here,http://evergreenreview.com/read/this-is-always-the-last-time-youll-ever-be-here/,Karen Cheung,
http://evergreenreview.com/ss22/,Spring / Summer,2022,Spring / Summer 2022,States of the Union: Charmed,http://evergreenreview.com/read/charmed/,Burhan Sönmez,
http://evergreenreview.com/ss22/,Spring / Summer,2022,Spring / Summer 2022,States of the Union: Theater is Dead,http://evergreenreview.com/read/theater-is-dead/,Alfian Sa’at,
